DATE,SALES,QUANTITY_SOLD,DAILY_UNIT_PRICE
1/1/2014,86782.46773,2678,32.40570116878
1/1/2015,112161.41960,2905,38.60978299484
1/1/2016,111650.23980,3179,35.12118269896
1/10/2014,594438.28080,18330,32.42980255319
1/10/2015,402312.33320,12065,33.34540681310
1/10/2016,208489.09030,5632,37.01865949929
1/11/2014,247453.10220,6730,36.76866303120
1/11/2015,274814.77810,7459,36.84338089556
1/11/2016,126954.17020,2971,42.73112426792
1/12/2014,105100.66760,2492,42.17522776886
1/12/2015,262394.78000,7474,35.10767728124
1/2/2014,181209.12850,5304,34.16461698718
1/2/2015,171469.93050,4165,41.16925102041
1/2/2016,339004.33690,10153,33.38957321974
1/3/2014,846678.38820,26410,32.05900750473
1/3/2015,256701.54270,6803,37.73357970013
1/3/2016,180828.67410,4719,38.31927825811
1/4/2014,244535.20520,7155,34.17682812020
1/4/2015,498894.34390,13207,37.77499385932
1/4/2016,232410.19800,6282,36.99621107927
1/5/2014,180294.26870,5124,35.18623510929
1/5/2015,499703.41470,12937,38.62591131638
1/5/2016,354856.04490,10388,34.16018915094
1/6/2014,456017.46310,14188,32.14106731745
1/6/2015,440905.99870,11688,37.72296361225
1/6/2016,368789.57260,10761,34.27093881610
1/7/2014,180183.03140,5143,35.03461625510
1/7/2015,305231.90810,8086,37.74819541182
1/7/2016,479010.15670,14344,33.39446156581
1/8/2014,611894.67320,18867,32.43200684794
1/8/2015,173306.90650,4453,38.91913462834
1/8/2016,65133.96620,1548,42.07620555556
1/9/2014,594953.63490,19366,30.72155503976
1/9/2015,384806.77160,11257,34.18377645909
1/9/2016,313491.73510,9183,34.13827018404
10/1/2014,144829.95670,4246,34.10974015544
10/1/2015,120807.57420,2934,41.17504233129
10/1/2016,90773.65306,2207,41.12988357952
10/10/2014,179841.43180,4891,36.76986951544
10/10/2015,119755.01160,3037,39.43200908792
10/10/2016,50934.98319,1263,40.32856942993
10/11/2014,76103.29152,2016,37.74964857143
10/11/2015,131436.19790,3744,35.10582208868
10/11/2016,71529.16264,1666,42.93467145258
10/12/2014,161844.80940,4095,39.52254197802
10/12/2015,133183.69370,3610,36.89298994460
10/2/2014,147727.51620,4552,32.45332078207
10/2/2015,138667.41590,3677,37.71210658145
10/2/2016,76661.25003,1825,42.00616440000
10/3/2014,286230.67890,8932,32.04553055307
10/3/2015,62499.79917,1518,41.17246322134
10/3/2016,37453.00618,892,41.98767508969
10/4/2014,179326.49020,5380,33.33206137546
10/4/2015,114067.07710,2770,41.17945021661
10/4/2016,104689.42790,2958,35.39196345504
10/5/2014,431695.70920,13306,32.44368774989
10/5/2015,166536.00030,4410,37.76326537415
10/5/2016,42723.52446,1016,42.05071305118
10/6/2014,188334.52120,5857,32.15545863070
10/6/2015,71199.58840,1694,42.03045360094
10/6/2016,252458.26220,7190,35.11241477051
10/7/2014,103998.55970,2968,35.03994599057
10/7/2015,125983.15180,3195,39.43134641628
10/7/2016,39809.55909,946,42.08198635307
10/8/2014,195866.77300,6032,32.47128199602
10/8/2015,69968.07770,1812,38.61372941501
10/8/2016,146811.45510,4282,34.28572048108
10/9/2014,78736.40284,2247,35.04067772141
10/9/2015,48406.78715,1232,39.29122333604
10/9/2016,85070.23489,2108,40.35589890417
11/1/2014,146571.48240,4297,34.11018906214
11/1/2015,69597.36735,1690,41.18187417160
11/1/2016,121373.06820,2949,41.15736459817
11/10/2014,138038.23980,3758,36.73183602980
11/10/2015,57413.41048,1456,39.43228741758
11/10/2016,36113.93487,896,40.30573088170
11/11/2014,56303.36657,1497,37.61079931196
11/11/2015,147893.94150,4216,35.07920813567
11/11/2016,160938.60160,3748,42.93986168623
11/12/2014,158603.35700,4157,38.15332138561
11/12/2015,229672.25630,6227,36.88329152080
11/2/2014,135498.74640,4172,32.47812713327
11/2/2015,162162.10350,4299,37.72088939288
11/2/2016,64034.94046,1525,41.99012489180
11/3/2014,187143.01810,5737,32.62036222765
11/3/2015,57063.98412,1386,41.17170571429
11/3/2016,77997.04501,1855,42.04692453369
11/4/2014,318949.81710,9573,33.31764515826
11/4/2015,126507.80090,3072,41.18092477214
11/4/2016,131170.59690,3713,35.32738941557
11/5/2014,200407.27710,6173,32.46513479670
11/5/2015,198442.91270,5257,37.74831894617
11/5/2016,35014.39948,832,42.08461475962
11/6/2014,174324.99480,5429,32.10996404494
11/6/2015,68988.34667,1642,42.01482744823
11/6/2016,293917.85250,8577,34.26814183281
11/7/2014,134018.08930,3825,35.03740896732
11/7/2015,142378.18400,3595,39.60450180807
11/7/2016,45839.23877,1090,42.05434749541
11/8/2014,232347.35320,7158,32.45981464096
11/8/2015,60187.14905,1563,38.50745300704
11/8/2016,99867.32962,2867,34.83339017091
11/9/2014,70875.11067,2023,35.03465678201
11/9/2015,85940.02694,2194,39.17047718323
11/9/2016,48831.66611,1211,40.32342370768
12/1/2014,95422.37298,2796,34.12817345494
12/1/2015,84738.29441,2058,41.17507017007
12/1/2016,99445.55710,2417,41.14421063302
12/10/2014,61037.56223,1661,36.74747876580
12/10/2015,57749.13694,1465,39.41920610239
12/10/2016,31023.35977,768,40.39499970052
12/11/2014,49436.81586,1314,37.62314753425
12/11/2015,140238.39050,4000,35.05959762500
12/11/2016,164998.84460,3843,42.93490621910
12/12/2014,279092.09600,7259,38.44773329660
12/12/2015,333488.79790,9422,35.39469304819
12/2/2014,163432.84520,5037,32.44646519754
12/2/2015,138520.12680,3674,37.70281077844
12/2/2016,148839.97490,3542,42.02144971767
12/3/2014,191700.38910,5903,32.47507862104
12/3/2015,48008.48284,1166,41.17365595197
12/3/2016,79752.28268,1897,42.04126656827
12/4/2014,375031.10930,11250,33.33609860444
12/4/2015,79648.62939,1934,41.18336576525
12/4/2016,123179.48940,3504,35.15396386986
12/5/2014,183413.70830,5653,32.44537560587
12/5/2015,193182.15060,5118,37.74563317702
12/5/2016,27210.40663,647,42.05626990726
12/6/2014,200271.56430,6232,32.13600197368
12/6/2015,155156.87920,3690,42.04793474255
12/6/2016,138350.12180,3943,35.08752772001
12/7/2014,99277.29950,2833,35.04316960819
12/7/2015,57427.68071,1467,39.14633995228
12/7/2016,36851.76375,876,42.06822345890
12/8/2014,190325.18110,5863,32.46208103360
12/8/2015,44698.70075,1171,38.17139261315
12/8/2016,210664.86280,6082,34.63743222624
12/9/2014,148634.39140,4242,35.03875327676
12/9/2015,57381.75145,1469,39.06177770592
12/9/2016,52075.15718,1291,40.33706985283
13/1/2014,114883.17380,3369,34.10008127041
13/1/2015,64653.97214,1570,41.18087397452
13/1/2016,67587.54693,1644,41.11164655109
13/10/2014,86799.75945,2360,36.77955908898
13/10/2015,40140.82003,1018,39.43106093320
13/10/2016,22334.21253,521,42.86797030710
13/11/2014,55033.12240,1466,37.53964693042
13/11/2015,358183.77400,10204,35.10229067033
13/11/2016,97946.78305,2281,42.94028191583
13/12/2014,369350.98950,9654,38.25885534493
13/12/2015,185422.88560,5014,36.98103023534
13/2/2014,138291.63330,4259,32.47044688894
13/2/2015,358597.42850,9505,37.72724129406
13/2/2016,172541.50790,4105,42.03203602923
13/3/2014,164663.96760,5056,32.56803156646
13/3/2015,117446.83910,2853,41.16608450754
13/3/2016,37155.58848,883,42.07880915062
13/4/2014,166393.54070,4990,33.34539893788
13/4/2015,83137.43243,2019,41.17752968301
13/4/2016,124431.04640,3534,35.20969054895
13/5/2014,146166.60110,4503,32.45982702643
13/5/2015,166403.12700,4410,37.73313537415
13/5/2016,79840.08825,1898,42.06537842466
13/6/2014,468701.63020,14585,32.13586768598
13/6/2015,185109.52310,4404,42.03213512716
13/6/2016,130067.27560,3707,35.08693703804
13/7/2014,49705.23200,1419,35.02835236082
13/7/2015,63331.33100,1610,39.33623043478
13/7/2016,33225.67047,790,42.05781072152
13/8/2014,197698.11860,6092,32.45208775443
13/8/2015,39463.40906,1035,38.12889764251
13/8/2016,266271.03910,7771,34.26470712907
13/9/2014,171724.82880,4901,35.03873266680
13/9/2015,32479.79639,829,39.17948901086
13/9/2016,30424.72626,755,40.29765067550
14/1/2014,80090.80008,2348,34.11022149915
14/1/2015,59553.38603,1446,41.18491426694
14/1/2016,61685.93524,1499,41.15139108739
14/10/2014,69570.50147,1894,36.73204935058
14/10/2015,42195.81736,1070,39.43534332710
14/10/2016,69440.92880,1618,42.91775574784
14/11/2014,149808.16590,3984,37.60245128012
14/11/2015,377937.13870,10769,35.09491491318
14/11/2016,87834.25368,2046,42.92974275660
14/12/2014,177500.10770,4632,38.32040321675
14/12/2015,173833.13320,4715,36.86810884411
14/2/2014,336901.37170,10381,32.45365299104
14/2/2015,424009.88250,11237,37.73337033906
14/2/2016,87991.66300,2094,42.02085148042
14/3/2014,395941.34510,12167,32.54223268678
14/3/2015,150591.54790,3657,41.17898493301
14/3/2016,45046.51321,1071,42.06023642390
14/4/2014,193652.32780,5810,33.33086537005
14/4/2015,40776.02706,979,41.65069158325
14/4/2016,162166.83600,4601,35.24599782656
14/5/2014,201120.72760,6253,32.16387775468
14/5/2015,149178.60150,3952,37.74762183704
14/5/2016,82484.44829,1961,42.06244175931
14/6/2014,473425.75420,14745,32.10754521533
14/6/2015,83779.54401,1992,42.05800402108
14/6/2016,107168.66110,3054,35.09124462999
14/7/2014,75384.57455,2151,35.04629221292
14/7/2015,51241.02855,1307,39.20507157613
14/7/2016,30423.39146,723,42.07937961272
14/8/2014,177908.83560,5485,32.43552153145
14/8/2015,85794.09690,2247,38.18161855808
14/8/2016,123084.03910,3576,34.41947402125
14/9/2014,86435.69883,2467,35.03676482773
14/9/2015,52160.18393,1329,39.24769294959
14/9/2016,20495.11303,508,40.34471068898
15/1/2014,98945.37116,2903,34.08383436445
15/1/2015,79080.75696,1921,41.16645338886
15/1/2016,150006.92980,3648,41.12032066886
15/10/2014,130476.35530,3548,36.77462099775
15/10/2015,53490.79747,1357,39.41842112749
15/10/2016,92159.02979,2147,42.92455975314
15/11/2014,180685.51070,4802,37.62713675552
15/11/2015,168729.96240,4803,35.13011917552
15/11/2016,95509.13498,2181,43.79144198991
15/12/2014,282246.62870,7341,38.44798102438
15/12/2015,220271.72140,6212,35.45906654862
15/2/2014,367729.26820,11332,32.45051784328
15/2/2015,203861.47240,5406,37.71022426933
15/2/2016,123445.38160,2940,41.98822503401
15/3/2014,518183.21040,15971,32.44525767954
15/3/2015,67152.47495,1631,41.17257814224
15/3/2016,55489.33276,1320,42.03737330303
15/4/2014,249805.51720,7497,33.32073058557
15/4/2015,58278.45793,1398,41.68702283977
15/4/2016,354042.02320,10045,35.24559713290
15/5/2014,270123.55080,8408,32.12696845861
15/5/2015,380592.57760,10084,37.74222308608
15/5/2016,51497.23734,1224,42.07290632353
15/6/2014,224232.12140,6991,32.07439871263
15/6/2015,149501.57450,3557,42.03024304189
15/6/2016,224030.55440,6541,34.25019941905
15/7/2014,110288.23420,3148,35.03438189327
15/7/2015,80326.44081,2050,39.18362966341
15/7/2016,80345.63766,1910,42.06577887958
15/8/2014,473321.88250,14587,32.44819925276
15/8/2015,117288.01010,3068,38.22946874185
15/8/2016,162727.52480,4649,35.00269408475
15/9/2014,120236.18270,3432,35.03385276807
15/9/2015,51002.83957,1300,39.23295351538
15/9/2016,40742.17168,1010,40.33878384158
16/1/2014,84904.90171,2491,34.08466547973
16/1/2015,149444.05680,3629,41.18050614494
16/1/2016,191287.35350,4652,41.11937951419
16/10/2014,95229.77348,2591,36.75406155152
16/10/2015,110809.31580,2810,39.43392021352
16/10/2016,57296.28785,1335,42.91856767790
16/11/2014,75871.43677,2017,37.61598253347
16/11/2015,177192.56980,5042,35.14331015470
16/11/2016,77229.97189,1763,43.80599653432
16/12/2014,166037.92570,4308,38.54176548282
16/12/2015,234468.07120,6585,35.60638894457
16/2/2014,133913.84140,4127,32.44822907681
16/2/2015,220506.20930,5846,37.71915998974
16/2/2016,77344.69187,1841,42.01232583922
16/3/2014,226617.95490,6968,32.52266861366
16/3/2015,80635.28925,1959,41.16145444104
16/3/2016,41893.30316,997,42.01936124373
16/4/2014,294023.41090,8821,33.33220846843
16/4/2015,50000.10144,1198,41.73631171953
16/4/2016,327352.26140,9301,35.19538344264
16/5/2014,415315.38390,12949,32.07316270754
16/5/2015,413700.17890,10964,37.73259566764
16/5/2016,42871.83287,1019,42.07245620216
16/6/2014,185606.27500,5788,32.06742829993
16/6/2015,100477.29680,2395,41.95294229645
16/6/2016,201918.22210,5749,35.12232076883
16/7/2014,156536.68620,4825,32.44283651813
16/7/2015,71912.56573,1849,38.89268022174
16/7/2016,95297.33863,2266,42.05531272286
16/8/2014,541600.89220,16686,32.45840178593
16/8/2015,71056.06100,1866,38.07934673098
16/8/2016,114708.94600,3302,34.73923258631
16/9/2014,83204.19669,2375,35.03334597474
16/9/2015,30194.71596,773,39.06172827943
16/9/2016,69864.83699,1733,40.31438949221
17/1/2014,135460.61970,3968,34.13826101310
17/1/2015,170624.07990,4144,41.17376445463
17/1/2016,92595.46084,2252,41.11698971581
17/10/2014,121057.86130,3293,36.76218077741
17/10/2015,111527.01350,2829,39.42276899965
17/10/2016,57184.94127,1332,42.93163759009
17/11/2014,86313.33408,2297,37.57654944710
17/11/2015,152368.74910,4342,35.09183535237
17/12/2014,148910.99840,3865,38.52807203105
17/12/2015,213778.13810,6051,35.32938986944
17/2/2014,150800.34700,4649,32.43715788342
17/2/2015,139935.93700,3713,37.68810584433
17/2/2016,158963.02490,4529,35.09892358136
17/3/2014,243707.87190,7494,32.52039923939
17/3/2015,50669.63710,1230,41.19482691057
17/3/2016,34348.50419,817,42.04223279070
17/4/2014,612236.00580,18366,33.33529379288
17/4/2015,103911.91910,2485,41.81566160966
17/4/2016,164809.30300,4678,35.23071889696
17/5/2014,498716.99760,15508,32.15869213309
17/5/2015,177159.67310,4695,37.73368969116
17/5/2016,39104.63910,930,42.04799903226
17/6/2014,212687.50940,6632,32.06988983715
17/6/2015,89072.70535,2120,42.01542705189
17/6/2016,329344.26830,9385,35.09262315397
17/7/2014,80823.05920,2307,35.03383580407
17/7/2015,119204.30950,3070,38.82876530945
17/7/2016,45324.05453,1078,42.04457748609
17/8/2014,239513.97900,7380,32.45446869919
17/8/2015,64394.07445,1690,38.10300263314
17/8/2016,122318.90750,3536,34.59245121606
17/9/2014,73768.03473,2105,35.04419702138
17/9/2015,29751.22261,760,39.14634553947
17/9/2016,100120.71110,2482,40.33872324738
18/1/2014,149925.74970,4393,34.12832909174
18/1/2015,74744.28315,1815,41.18142322314
18/1/2016,96947.05429,2357,41.13154615613
18/10/2014,169498.91640,4611,36.75968692258
18/10/2015,59808.13867,1517,39.42527268952
18/10/2016,40951.10428,954,42.92568582809
18/11/2014,62631.79875,1665,37.61669594595
18/11/2015,147471.80490,4202,35.09562229891
18/12/2014,202359.14290,5288,38.26761401286
18/12/2015,273563.01480,7750,35.29845352258
18/2/2014,55591.93034,1627,34.16836529809
18/2/2015,161064.75230,4270,37.72008250585
18/2/2016,69598.07115,1658,41.97712373341
18/3/2014,94849.74380,2707,35.03869368304
18/3/2015,48648.99266,1182,41.15820021997
18/3/2016,78276.83122,1866,41.94899851018
18/4/2014,464815.51790,13940,33.34401132712
18/4/2015,132843.22260,3172,41.87995668348
18/4/2016,151157.79430,4294,35.20209462040
18/5/2014,166433.17210,5141,32.37369618751
18/5/2015,196420.76350,5205,37.73693823247
18/5/2016,34406.75001,818,42.06204157702
18/6/2014,184259.69240,5752,32.03402162726
18/6/2015,78746.59586,1875,41.99818445867
18/6/2016,308642.97720,9012,34.24800013316
18/7/2014,124615.68560,3557,35.03392904133
18/7/2015,129441.27870,3322,38.96486414810
18/7/2016,51604.11841,1227,42.05714621842
18/8/2014,255224.22260,7864,32.45475872330
18/8/2015,35165.97208,922,38.14096754881
18/8/2016,112010.34450,3236,34.61382710136
18/9/2014,69425.44512,1982,35.02797432896
18/9/2015,68504.63944,1755,39.03398258689
18/9/2016,49825.09704,1235,40.34420812955
19/1/2014,74297.30718,2176,34.14398307904
19/1/2015,90144.16140,2189,41.18052142531
19/1/2016,70512.89450,1715,41.11539037901
19/10/2014,90692.37588,2468,36.74731599676
19/10/2015,55166.22623,1399,39.43261345961
19/10/2016,37672.44729,877,42.95604023945
19/11/2014,48529.10336,1291,37.59032018590
19/11/2015,145697.15200,4151,35.09928980968
19/12/2014,274343.65430,7141,38.41810030808
19/12/2015,337506.78840,9490,35.56446663857
19/2/2014,106427.19180,3281,32.43742511429
19/2/2015,144328.54520,3827,37.71323365560
19/2/2016,161275.60220,3841,41.98792038532
19/3/2014,92386.78307,2637,35.03480586651
19/3/2015,43213.17762,1050,41.15540725714
19/3/2016,92851.40266,2211,41.99520699231
19/4/2014,360480.94040,10814,33.33465326429
19/4/2015,62786.61128,1497,41.94162410154
19/4/2016,126895.93650,3606,35.19022088186
19/5/2014,168520.62940,5194,32.44525017328
19/5/2015,137940.87220,3638,37.91667735019
19/5/2016,39403.65856,937,42.05299739594
19/6/2014,113735.81620,3578,31.78753946339
19/6/2015,141913.38240,3376,42.03595450237
19/6/2016,134472.40660,3831,35.10112414513
19/7/2014,242758.95050,7485,32.43272551770
19/7/2015,77645.74994,1982,39.17545405651
19/7/2016,37870.11903,900,42.07791003333
19/8/2014,160372.03970,4941,32.45740532281
19/8/2015,23234.18320,604,38.46719072848
19/8/2016,229861.47030,6646,34.58643850436
19/9/2014,137154.95410,3915,35.03319389527
19/9/2015,68996.56176,1766,39.06940077010
19/9/2016,46566.46205,1155,40.31728316017
2/1/2014,200173.11680,6175,32.41669907692
2/1/2015,271101.46170,7023,38.60194527979
2/1/2016,262421.28190,7479,35.08774995320
2/10/2014,470507.66300,14503,32.44209218782
2/10/2015,393635.17490,11758,33.47807236775
2/10/2016,118580.47260,3173,37.37172158840
2/11/2014,148476.18120,4038,36.76973283804
2/11/2015,269555.02310,7316,36.84459036359
2/11/2016,97558.24705,2284,42.71376841068
2/12/2014,88219.52549,2170,40.65415921198
2/12/2015,248437.71130,7056,35.20942620465
2/2/2014,113433.58100,3320,34.16674126506
2/2/2015,151737.21880,3685,41.17699289009
2/2/2016,278116.36930,8116,34.26766501971
2/3/2014,478902.30490,15004,31.91830877766
2/3/2015,234705.59280,6221,37.72795254782
2/3/2016,171196.17520,4451,38.46240736913
2/4/2014,155620.50380,4575,34.01541066667
2/4/2015,715032.18990,18936,37.76046630228
2/4/2016,195831.09750,5259,37.23732601255
2/5/2014,163849.03580,4581,35.76708923816
2/5/2015,461667.00390,12217,37.78890103135
2/5/2016,283284.58130,8298,34.13889868643
2/6/2014,425845.19600,13256,32.12471303561
2/6/2015,334318.89780,8863,37.72073765091
2/6/2016,278071.38660,8120,34.24524465517
2/7/2014,104760.70620,2990,35.03702548495
2/7/2015,250481.61770,6639,37.72881724657
2/7/2016,454543.28580,13609,33.40019735469
2/8/2014,628685.21880,19384,32.43320361123
2/8/2015,88154.33871,2258,39.04089402569
2/8/2016,70641.25372,1679,42.07340900536
2/9/2014,469469.94100,15291,30.70237008698
2/9/2015,345776.25030,10102,34.22849438725
2/9/2016,370355.00170,10830,34.19713773777
20/1/2014,83356.42456,2443,34.12051762587
20/1/2015,97826.80880,2376,41.17289932660
20/1/2016,159590.49010,4776,33.41509424204
20/10/2014,101723.91500,2773,36.68370537324
20/10/2015,42054.68047,1067,39.41394608247
20/10/2016,38648.13752,906,42.65798843267
20/11/2014,51040.88137,1361,37.50248447465
20/11/2015,301033.98650,8567,35.13878679818
20/12/2014,316167.07470,8268,38.23984938316
20/12/2015,155312.78390,4382,35.44335552259
20/2/2014,78940.55442,2310,34.17340018182
20/2/2015,293071.75920,7770,37.71837312741
20/2/2016,325215.07680,9260,35.12041866091
20/3/2014,180394.82770,5149,35.03492478151
20/3/2015,96881.01809,2353,41.17340335317
20/3/2016,54845.78930,1304,42.05965437117
20/4/2014,114279.57730,3429,33.32737745698
20/4/2015,57233.40664,1365,41.92923563370
20/4/2016,166395.44580,4838,34.39343650269
20/5/2014,178123.53210,5550,32.09433010811
20/5/2015,166176.28380,4394,37.81890846609
20/5/2016,96830.90242,2302,42.06381512598
20/6/2014,203165.08300,6119,33.20233420494
20/6/2015,169304.27830,4027,42.04228415694
20/6/2016,143809.72060,4097,35.10122543324
20/7/2014,85078.24369,2428,35.04046280478
20/7/2015,69926.65036,1787,39.13075006156
20/7/2016,42723.52446,1016,42.05071305118
20/8/2014,171587.33230,5151,33.31146035721
20/8/2015,24754.95718,643,38.49915580093
20/8/2016,249981.24970,7220,34.62344178670
20/9/2014,153569.06190,4383,35.03743141684
20/9/2015,41855.92876,1078,38.82739217069
20/9/2016,37923.76586,940,40.34443176596
21/1/2014,89922.01429,2638,34.08719268006
21/1/2015,62795.97915,1525,41.17769124590
21/1/2016,67046.27342,1628,41.18321463145
21/10/2014,103395.69130,2815,36.73026333925
21/10/2015,53678.17911,1361,39.44024916238
21/10/2016,96020.54537,2249,42.69477339707
21/11/2014,53973.92224,1281,42.13420939891
21/11/2015,309518.07210,8811,35.12859744637
21/12/2014,173833.40010,4541,38.28086326800
21/12/2015,289243.38310,8196,35.29079832845
21/2/2014,317916.31790,9802,32.43382145481
21/2/2015,267782.15400,7102,37.70517516193
21/2/2016,96957.29584,2308,42.00922696707
21/3/2014,200939.69240,5735,35.03743546643
21/3/2015,121360.88510,2947,41.18116223278
21/3/2016,48037.79990,1143,42.02782143482
21/4/2014,161170.82040,4834,33.34108820852
21/4/2015,56874.34546,1353,42.03573204730
21/4/2016,167796.35480,4914,34.14659234839
21/5/2014,194878.80260,6070,32.10523930807
21/5/2015,84604.37757,2012,42.04988944831
21/5/2016,99380.39460,2363,42.05687456623
21/6/2014,203345.24460,6161,33.00523366337
21/6/2015,89512.24284,2128,42.06402389098
21/6/2016,123252.15110,3509,35.12457996580
21/7/2014,86738.06743,2475,35.04568381010
21/7/2015,71973.04430,1846,38.98864804984
21/7/2016,35169.91581,836,42.06927728469
21/8/2014,164208.06060,4928,33.32144086851
21/8/2015,76691.28303,2006,38.23094866899
21/8/2016,136480.24910,3958,34.48212458312
21/9/2014,75633.32059,2159,35.03164455303
21/9/2015,44303.46649,1124,39.41589545374
21/9/2016,50084.81270,1241,40.35843086221
22/1/2014,57806.30278,1704,33.92388660798
22/1/2015,66550.98983,1616,41.18254321163
22/1/2016,266949.23880,7806,34.19795526518
22/10/2014,99075.59910,2701,36.68108074787
22/10/2015,55930.16864,1419,39.41519988724
22/10/2016,105662.59420,2472,42.74376788026
22/11/2014,47497.98253,1122,42.33331776292
22/11/2015,152504.63170,4345,35.09887956272
22/12/2014,204565.08180,5014,40.79877977663
22/12/2015,313125.33250,8863,35.32949706646
22/2/2014,309217.87560,9772,31.64325374540
22/2/2015,136052.68840,3608,37.70861651885
22/2/2016,85224.47709,2028,42.02390389053
22/3/2014,172953.92470,4936,35.03928782415
22/3/2015,66954.36637,1626,41.17734709102
22/3/2016,65905.72326,1573,41.89810760331
22/4/2014,182483.14650,5475,33.33025506849
22/4/2015,132737.73700,3439,38.59777173597
22/4/2016,351146.01700,10269,34.19476258643
22/5/2014,115475.09690,3421,33.75477839813
22/5/2015,321821.02030,8526,37.74583864649
22/5/2016,61656.18133,1466,42.05742246248
22/6/2014,134944.48900,4015,33.61008443337
22/6/2015,85984.07534,2046,42.02545226784
22/6/2016,40067.15121,953,42.04318070304
22/7/2014,56673.61581,1618,35.02695661928
22/7/2015,44304.89836,1142,38.79588297723
22/7/2016,61148.20501,1454,42.05516162999
22/8/2014,376778.83570,11309,33.31672435229
22/8/2015,102231.21180,2677,38.18872312290
22/8/2016,127369.80260,3672,34.68676541394
22/9/2014,90815.92981,2592,35.03700995756
22/9/2015,46599.29813,1182,39.42411009306
22/9/2016,41885.82828,1039,40.31359795958
23/1/2014,63977.75035,1872,34.17614869124
23/1/2015,154670.89070,3757,41.16872257120
23/1/2016,315272.22480,9210,34.23151192182
23/10/2014,97476.14472,2651,36.76957552622
23/10/2015,185771.00150,5042,36.84470477985
23/10/2016,54738.48352,1280,42.76444025000
23/11/2014,31219.95153,737,42.36085689281
23/11/2015,79711.58341,1937,41.15208229737
23/12/2014,316394.73090,7778,40.67816031113
23/12/2015,268330.39270,6534,41.06678798592
23/2/2014,138491.55000,4270,32.43361826698
23/2/2015,86703.31409,2150,40.32712283256
23/2/2016,54612.87884,1301,41.97761632590
23/3/2014,70194.79954,2003,35.04483252122
23/3/2015,81342.15076,1976,41.16505605263
23/3/2016,84870.05130,2065,41.09929845036
23/4/2014,109358.41250,3121,35.03954261455
23/4/2015,60310.33895,1434,42.05741907252
23/4/2016,420738.82180,12317,34.15919637899
23/5/2014,430521.02450,13384,32.16684283473
23/5/2015,418715.41060,11096,37.73570751622
23/5/2016,69163.55737,1644,42.07029037105
23/6/2014,138298.21020,4133,33.46194294701
23/6/2015,64956.46208,1546,42.01582282018
23/6/2016,143752.73680,4305,33.39204106852
23/7/2014,165742.17050,5106,32.46027624363
23/7/2015,66799.72373,1734,38.52348542676
23/7/2016,77171.70180,1835,42.05542332425
23/8/2014,453633.47400,13613,33.32354910747
23/8/2015,56974.86803,1467,38.83767418541
23/8/2016,43537.72816,1035,42.06543783575
23/9/2014,110118.15640,3143,35.03600267261
23/9/2015,125182.75720,3725,33.60610931544
23/9/2016,147503.57320,3657,40.33458386656
24/1/2014,116958.79980,3423,34.16850709904
24/1/2015,158722.10560,3855,41.17304944228
24/1/2016,149138.92150,4351,34.27692978626
24/10/2014,248974.65280,6781,36.71650977732
24/10/2015,253116.91320,6872,36.83307817229
24/10/2016,40131.57351,940,42.69316330851
24/11/2014,26870.32387,641,41.91938201248
24/11/2015,111021.37910,3160,35.13334781646
24/12/2014,486230.32020,11809,41.17455501736
24/12/2015,392228.13800,9540,41.11406058700
24/2/2014,133146.22220,4106,32.42723385290
24/2/2015,95474.35737,2530,37.73690014625
24/2/2016,81530.61238,2213,36.84166849526
24/3/2014,81378.21463,2323,35.03151727508
24/3/2015,125060.70790,3312,37.75987557367
24/3/2016,262459.50570,6588,39.83902636612
24/4/2014,98430.11411,2809,35.04098045924
24/4/2015,343587.00850,8892,38.64001445119
24/4/2016,186166.15080,5453,34.14013401797
24/5/2014,590642.82570,18356,32.17709880693
24/5/2015,169541.26590,4489,37.76815903319
24/5/2016,113112.86500,3224,35.08463554591
24/6/2014,36692.67986,1047,35.04553950334
24/6/2015,106613.43280,2822,37.77938795181
24/6/2016,389904.00860,11667,33.41938875461
24/7/2014,95618.24880,2729,35.03783393184
24/7/2015,125689.59280,3259,38.56692015956
24/7/2016,40881.35491,972,42.05900710905
24/8/2014,214392.40090,6424,33.37366141034
24/8/2015,59442.73112,1528,38.90231094241
24/8/2016,120407.41330,3549,33.92713815159
24/9/2014,209908.38310,6457,32.50865465386
24/9/2015,150036.80500,4492,33.40089158504
24/9/2016,151639.18380,3758,40.35103347525
25/1/2014,155272.82480,4544,34.17095616197
25/1/2015,78092.27692,1897,41.16619763838
25/1/2016,215171.03820,6278,34.27381940108
25/10/2014,302721.68330,8249,36.69798561038
25/10/2015,118618.45370,3218,36.86092408328
25/10/2016,70402.99193,1650,42.66847995758
25/11/2014,40530.64229,968,41.87049823347
25/11/2015,243161.25920,6924,35.11861051415
25/12/2014,137686.53210,3344,41.17420218301
25/12/2015,133728.98370,3256,41.07155519042
25/2/2014,224994.65620,6937,32.43399974052
25/2/2015,198431.62750,5253,37.77491481058
25/2/2016,160947.53260,4404,36.54576126249
25/3/2014,130227.01470,3822,34.07300227630
25/3/2015,253218.83120,6704,37.77130536993
25/3/2016,228124.39800,5652,40.36171231423
25/4/2014,295741.34700,8537,34.64230373668
25/4/2015,496882.31500,13144,37.80297588253
25/4/2016,251449.52960,7372,34.10872620727
25/5/2014,210764.71800,6500,32.42534123077
25/5/2015,256434.50990,6795,37.73870638705
25/5/2016,253686.30250,7392,34.31903442911
25/6/2014,56077.54269,1601,35.02657257339
25/6/2015,183843.81730,4865,37.78906830421
25/6/2016,461280.78560,13793,33.44310777931
25/7/2014,515698.79580,15897,32.44000728439
25/7/2015,138624.94500,3572,38.80877519597
25/7/2016,43085.59501,1024,42.07577637695
25/8/2014,316404.06230,9493,33.33024989993
25/8/2015,217683.36230,6360,34.22694375786
25/8/2016,226375.54310,6647,34.05679902212
25/9/2014,358365.68300,11039,32.46360023553
25/9/2015,368037.69190,11030,33.36697116047
25/9/2016,72457.29759,1797,40.32125631052
26/1/2014,82885.21591,2426,34.16538166117
26/1/2015,91830.40204,2230,41.17955248430
26/1/2016,205197.89840,5992,34.24531014686
26/10/2014,128520.72780,3502,36.69923695031
26/10/2015,123320.78400,3347,36.84517000299
26/10/2016,62501.74070,1467,42.60514021813
26/11/2014,30371.43134,709,42.83699765867
26/11/2015,311443.18120,9273,33.58602191308
26/12/2014,48102.96241,1169,41.14881301112
26/12/2015,82778.44405,2013,41.12192948336
26/2/2014,225051.59150,6934,32.45624336602
26/2/2015,157291.73400,4171,37.71079693119
26/2/2016,188736.24740,4935,38.24442703141
26/3/2014,125310.03640,3666,34.18167932351
26/3/2015,229184.47190,6077,37.71342305414
26/3/2016,162929.49210,4103,39.70984452839
26/4/2014,285053.97990,8209,34.72456814472
26/4/2015,200369.82990,5179,38.68890324387
26/4/2016,280321.81070,8211,34.13978939228
26/5/2014,218189.34850,6752,32.31477317832
26/5/2015,199385.91240,5283,37.74103963657
26/5/2016,210305.29190,6138,34.26283673835
26/6/2014,55780.70745,1592,35.03813282035
26/6/2015,319579.79410,8450,37.82009397633
26/6/2016,221578.69680,6641,33.36526077398
26/7/2014,562590.36650,17343,32.43904552269
26/7/2015,81715.04533,2109,38.74587260787
26/7/2016,43894.99343,1044,42.04501286398
26/8/2014,242824.50130,7619,31.87091498884
26/8/2015,275458.80690,8035,34.28236551338
26/8/2016,337900.17820,9908,34.10377252725
26/9/2014,585463.99600,18036,32.46085584387
26/9/2015,351319.63810,10528,33.37002641527
26/9/2016,67355.06118,1671,40.30823529623
27/1/2014,72353.42588,2117,34.17733863014
27/1/2015,76992.93568,1870,41.17269287701
27/1/2016,214452.24840,6265,34.23020724661
27/10/2014,145185.26830,3949,36.76507173968
27/10/2015,117051.27720,3177,36.84333559962
27/10/2016,53675.21828,1257,42.70104875099
27/11/2014,37776.65877,880,42.92802132955
27/11/2015,375876.01340,11257,33.39042492671
27/12/2014,110162.13200,2676,41.16671599402
27/12/2015,69522.83697,1692,41.08914714539
27/2/2014,344299.68240,11082,31.06837054683
27/2/2015,307540.67520,8156,37.70729220206
27/2/2016,215951.50790,5609,38.50089283295
27/3/2014,119452.33960,3543,33.71502670054
27/3/2015,354191.35100,9386,37.73613370978
27/3/2016,58359.83218,1466,39.80888961801
27/4/2014,124964.79650,3592,34.78975403675
27/4/2015,194028.06180,5014,38.69726003191
27/4/2016,313434.93330,9182,34.13580192768
27/5/2014,226132.46390,7023,32.19884150648
27/5/2015,243554.22430,6453,37.74279006664
27/5/2016,364087.42430,10624,34.27027713667
27/6/2014,131721.23830,3759,35.04156379356
27/6/2015,369245.75870,9770,37.79383405322
27/6/2016,253702.22300,7593,33.41264625313
27/7/2014,266305.92590,8207,32.44863237480
27/7/2015,86842.86136,2242,38.73455011597
27/7/2016,67780.72889,1611,42.07369887647
27/8/2014,274712.25330,8909,30.83536348636
27/8/2015,228731.86550,6675,34.26694614232
27/8/2016,355069.54010,10393,34.16429713269
27/9/2014,617019.09150,19017,32.44565870011
27/9/2015,163289.93670,4895,33.35851617978
27/9/2016,58941.79283,1462,40.31586376881
28/1/2014,50415.90376,1476,34.15711636856
28/1/2015,59897.71588,1455,41.16681503780
28/1/2016,195767.97360,5723,34.20722935523
28/10/2014,89527.55663,2435,36.76696370842
28/10/2015,159299.98910,4532,35.15004172551
28/10/2016,102606.32700,2405,42.66375343035
28/11/2014,46818.20532,1096,42.71734062044
28/11/2015,434639.65900,13019,33.38502642292
28/12/2014,69051.33709,1677,41.17551406679
28/12/2015,133021.27280,3234,41.13211898578
28/2/2014,661876.50000,20805,31.81333813987
28/2/2015,350898.76350,9296,37.74728523021
28/2/2016,134995.85450,3452,39.10656271727
28/3/2014,276174.76930,8130,33.96983632226
28/3/2015,459484.66660,12181,37.72142407027
28/3/2016,85605.33192,2162,39.59543567068
28/4/2014,124175.80840,3576,34.72477863535
28/4/2015,190560.57920,4936,38.60627617504
28/4/2016,257324.60310,7520,34.21869722074
28/5/2014,243720.86800,7579,32.15739121256
28/5/2015,217746.01290,5770,37.73761055459
28/5/2016,397480.36950,11590,34.29511384814
28/6/2014,146169.07660,4172,35.03573264621
28/6/2015,185648.49110,4914,37.77950571836
28/6/2016,200616.07620,6007,33.39704947561
28/7/2014,292634.74570,9018,32.45007160124
28/7/2015,56976.78528,1474,38.65453546811
28/7/2016,51907.94315,1234,42.06478375203
28/8/2014,258066.16940,8400,30.72216302381
28/8/2015,387639.12000,11330,34.21351456311
28/8/2016,153893.68520,4507,34.14548151764
28/9/2014,283850.59710,8747,32.45119436378
28/9/2015,190892.45900,5720,33.37280751748
28/9/2016,58796.78502,1581,37.18961734345
29/1/2014,67458.30189,1974,34.17340521277
29/1/2015,57310.19404,1392,41.17111640805
29/1/2016,397984.32930,11900,33.44406128571
29/10/2014,81991.88284,2232,36.73471453405
29/10/2015,119047.40990,3231,36.84537601362
29/10/2016,124988.15550,2929,42.67263758962
29/11/2014,88321.62555,2068,42.70871641683
29/11/2015,238637.81640,7139,33.42734506233
29/12/2014,133307.36900,3237,41.18238152610
29/12/2015,161267.52060,4592,35.11923358014
29/2/2016,163079.37800,4270,38.19189180328
29/3/2014,357369.26690,10518,33.97692212398
29/3/2015,224102.88850,5937,37.74682305878
29/3/2016,84836.41434,2155,39.36724563341
29/4/2014,131842.57160,3807,34.63161849225
29/4/2015,198985.39960,5150,38.63794166990
29/4/2016,455554.33600,13321,34.19820854290
29/5/2014,207429.42900,6448,32.16957645782
29/5/2015,472160.75210,12507,37.75171920525
29/5/2016,204028.17680,5959,34.23866031213
29/6/2014,62073.58541,1772,35.03024007336
29/6/2015,165557.76180,4385,37.75547589510
29/6/2016,211700.81320,6345,33.36498237983
29/7/2014,212360.99310,6548,32.43142839035
29/7/2015,53433.66803,1381,38.69201160753
29/7/2016,93508.63389,2223,42.06416279352
29/8/2014,594007.21320,19317,30.75048988973
29/8/2015,461188.00490,13484,34.20261086473
29/8/2016,159625.74090,4672,34.16646851455
29/9/2014,264317.11040,8147,32.44348967718
29/9/2015,143082.13330,4288,33.36803481810
29/9/2016,57019.38967,1534,37.17039743807
3/1/2014,326906.07420,10084,32.41829375248
3/1/2015,245813.28830,6371,38.58315622351
3/1/2016,164527.53890,4694,35.05060479335
3/10/2014,518693.52870,15986,32.44673643813
3/10/2015,451100.06010,13508,33.39502961948
3/10/2016,142758.88110,3540,40.32736754237
3/11/2014,205368.92260,5581,36.79787181509
3/11/2015,192001.03460,5211,36.84533383228
3/11/2016,97039.00987,2266,42.82392315534
3/12/2014,71590.36929,1784,40.12913076794
3/12/2015,201048.83050,5732,35.07481341591
3/2/2014,143192.53340,4191,34.16667463613
3/2/2015,102072.44340,2479,41.17484606696
3/2/2016,264159.30060,7712,34.25302134336
3/3/2014,538827.20210,16884,31.91348034234
3/3/2015,249380.56540,6611,37.72206404477
3/3/2016,129719.05050,3364,38.56095436980
3/4/2014,136001.97820,3997,34.02601406055
3/4/2015,510289.21560,13503,37.79080319929
3/4/2016,90716.54789,2446,37.08771377351
3/5/2014,131436.79240,3697,35.55228358128
3/5/2015,259541.60870,6721,38.61651669394
3/5/2016,297500.67400,8717,34.12879132729
3/6/2014,328217.77000,10223,32.10581727477
3/6/2015,269835.82860,7148,37.74983612199
3/6/2016,373959.36200,10896,34.32079313510
3/7/2014,93450.53368,2667,35.03957018373
3/7/2015,268410.48070,7104,37.78300685529
3/7/2016,242185.18070,7259,33.36343583138
3/8/2014,307272.68370,9473,32.43668148422
3/8/2015,81142.02785,2074,39.12344640791
3/8/2016,48442.17148,1152,42.05049607639
3/9/2014,464067.79930,15100,30.73296684106
3/9/2015,271551.09510,7938,34.20900668934
3/9/2016,369091.05540,10800,34.17509772222
30/1/2014,64640.36931,1892,34.16510005814
30/1/2015,134540.21450,3268,41.16897628519
30/1/2016,512603.10350,15345,33.40522016944
30/10/2014,69704.49111,1898,36.72523240780
30/10/2015,285081.97430,7731,36.87517453111
30/10/2016,67521.03749,1582,42.68080751580
30/11/2014,101037.82780,2375,42.54224328421
30/11/2015,260653.66700,7423,35.11432938165
30/12/2013,223937.96790,6827,32.80181161564
30/12/2014,216389.50430,5607,38.59274198324
30/12/2015,208583.21800,5945,35.08548662742
30/3/2014,163865.49030,4791,34.20277401378
30/3/2015,215203.55880,5706,37.71530998948
30/3/2016,64308.91422,1746,36.83213872852
30/4/2014,154850.05730,4398,35.20919902228
30/4/2015,385482.87200,9986,38.60233046265
30/4/2016,556865.20330,16276,34.21388567830
30/5/2014,503149.43130,15637,32.17685178103
30/5/2015,546135.46240,14475,37.72956562349
30/5/2016,172797.93510,5048,34.23096971078
30/6/2014,93619.84699,2672,35.03736788548
30/6/2015,212465.08320,5627,37.75814522836
30/6/2016,282757.71140,8482,33.33620742749
30/7/2014,198019.33210,6102,32.45154573910
30/7/2015,55134.08182,1423,38.74496262825
30/7/2016,95343.59551,2267,42.05716608293
30/8/2014,717096.71280,23310,30.76347974260
30/8/2015,202249.67720,5913,34.20424102824
30/8/2016,133961.96700,3924,34.13913532110
30/9/2014,358024.98130,11036,32.44155321675
30/9/2015,323548.78530,9693,33.37963327143
30/9/2016,155918.38260,4216,36.98253856736
31/1/2014,137693.87350,4030,34.16721426799
31/1/2015,200193.61200,4862,41.17515672563
31/1/2016,218104.06690,6525,33.42591063602
31/10/2014,166652.39480,4537,36.73184809345
31/10/2015,391656.21260,11148,35.13241950126
31/10/2016,70020.59601,1639,42.72153508847
31/12/2013,300345.48460,9268,32.40672039275
31/12/2014,365055.31200,9464,38.57304649197
31/12/2015,325457.52500,9266,35.12384254263
31/3/2014,190719.61450,5583,34.16077637471
31/3/2015,355534.91200,9421,37.73855344443
31/3/2016,131168.48550,3554,36.90728348340
31/5/2014,603748.78950,18775,32.15705936085
31/5/2015,264637.36530,7009,37.75679345128
31/5/2016,258970.65410,7542,34.33713260408
31/7/2014,295508.32730,9108,32.44491955424
31/7/2015,145033.61080,3740,38.77904032086
31/7/2016,59514.99233,1415,42.06006525088
31/8/2014,358170.99630,11646,30.75485113344
31/8/2015,332559.76500,9721,34.21044799918
31/8/2016,236305.15640,6918,34.15801624747
4/1/2014,307043.93540,9470,32.42280204857
4/1/2015,178394.81200,4624,38.58019290657
4/1/2016,274990.14650,7843,35.06185726125
4/10/2014,656245.82840,20223,32.45046869406
4/10/2015,202902.62490,6085,33.34472060805
4/10/2016,96620.98693,2397,40.30913096788
4/11/2014,99244.68185,2519,39.39844456133
4/11/2015,201367.78700,5731,35.13658820450
4/11/2016,168349.26530,3938,42.74994040122
4/12/2014,54996.62169,1368,40.20220883772
4/12/2015,317690.76090,9038,35.15055995796
4/2/2014,130126.64990,3809,34.16294300341
4/2/2015,82514.10512,2005,41.15416714214
4/2/2016,197778.13370,5759,34.34244377496
4/3/2014,310346.12130,9789,31.70355718664
4/3/2015,258211.44420,6843,37.73366128891
4/3/2016,142127.64210,3665,38.77971135061
4/4/2014,190559.88750,5558,34.28569404462
4/4/2015,400302.03950,10600,37.76434334906
4/4/2016,131638.01960,3345,39.35366804185
4/5/2014,93082.04396,2642,35.23165933384
4/5/2015,320309.27440,8283,38.67068385851
4/5/2016,285968.48780,8364,34.19039787183
4/6/2014,286405.99880,8904,32.16599267745
4/6/2015,201146.48930,5326,37.76689622606
4/6/2016,402057.25290,11726,34.28767294047
4/7/2014,98087.55590,2799,35.04378560200
4/7/2015,316365.49870,8364,37.82466507652
4/7/2016,281531.68560,8431,33.39244284189
4/8/2014,362106.53260,11170,32.41777373321
4/8/2015,77672.88278,2007,38.70098793224
4/8/2016,46291.37192,1101,42.04484279746
4/9/2014,312311.95400,10164,30.72726820150
4/9/2015,340440.20550,9936,34.26330570652
4/9/2016,209026.01970,6119,34.16016010786
5/1/2014,179188.88450,5524,32.43824846126
5/1/2015,220443.63150,5717,38.55931983558
5/1/2016,215737.84280,6150,35.07932403252
5/10/2014,280055.11770,8631,32.44758633994
5/10/2015,294557.64640,8828,33.36629433620
5/10/2016,78861.59494,1955,40.33841173402
5/11/2014,72756.86310,1847,39.39191288576
5/11/2015,111874.55900,3036,36.84932773386
5/11/2016,202017.42200,4720,42.80030127119
5/12/2014,77884.18161,1914,40.69183992163
5/12/2015,378527.87260,10737,35.25452850889
5/2/2014,187155.86850,5764,32.46978981610
5/2/2015,46211.33246,1122,41.18657081996
5/2/2016,325749.00890,9501,34.28576033049
5/3/2014,256390.52220,8079,31.73542792425
5/3/2015,145975.83390,3858,37.83717830482
5/3/2016,152124.40790,3889,39.11658727179
5/4/2014,217110.50250,6320,34.35292761076
5/4/2015,135578.20340,3591,37.75499955444
5/4/2016,81910.87262,2048,39.99554327148
5/5/2014,110887.01330,3154,35.15758189601
5/5/2015,239922.99820,6191,38.75351287353
5/5/2016,237946.63270,6968,34.14848345293
5/6/2014,184989.88870,5783,31.98856799239
5/6/2015,293461.08390,7775,37.74419085531
5/6/2016,205719.45320,6007,34.24662114200
5/7/2014,117562.26290,3355,35.04091293592
5/7/2015,156873.04370,4146,37.83720301495
5/7/2016,219363.22010,6577,33.35308196746
5/8/2014,262349.59100,8091,32.42486602398
5/8/2015,75483.42255,1948,38.74919022074
5/8/2016,73453.14329,1746,42.06938332761
5/9/2014,501279.00040,16310,30.73445741263
5/9/2015,364416.73160,10643,34.24003867331
5/9/2016,228177.31680,6685,34.13273250561
6/1/2014,306351.95090,9448,32.42505830864
6/1/2015,181534.18870,4705,38.58324945802
6/1/2016,98646.98270,2401,41.08579037901
6/10/2014,375648.01750,11579,32.44218131963
6/10/2015,221618.32820,6636,33.39637254370
6/10/2016,70279.47439,1740,40.39050252299
6/11/2014,86867.45808,2309,37.62124646167
6/11/2015,214540.33310,5822,36.84993698042
6/11/2016,108459.00010,2537,42.75088691368
6/12/2014,150370.11670,3765,39.93894201859
6/12/2015,195425.39110,5505,35.49961691190
6/2/2014,102314.70960,3028,33.78953421400
6/2/2015,85730.41481,2082,41.17695235831
6/2/2016,371561.97640,10840,34.27693509225
6/3/2014,167803.65980,5072,33.08431778391
6/3/2015,269239.85260,7128,37.77214542649
6/3/2016,74132.78702,1882,39.39042880978
6/4/2014,119190.10000,3447,34.57792283145
6/4/2015,182466.25520,4836,37.73082200165
6/4/2016,54821.90851,1303,42.07360591711
6/5/2014,119385.57540,3324,35.91623808664
6/5/2015,224994.19510,5959,37.75703894949
6/5/2016,340851.50590,9973,34.17742965006
6/6/2014,288118.30440,9005,31.99536972793
6/6/2015,349413.00980,9255,37.75397188547
6/6/2016,177626.95010,5185,34.25784958534
6/7/2014,70153.08097,2002,35.04149898601
6/7/2015,173987.75150,4601,37.81520354271
6/7/2016,204005.58220,6098,33.45450675631
6/8/2014,80697.90350,2303,35.04034020842
6/8/2015,74354.57010,1922,38.68604063476
6/8/2016,71508.89795,1700,42.06405761765
6/9/2014,552703.90380,17985,30.73138191827
6/9/2015,164719.60450,4800,34.31658427083
6/9/2016,154494.78200,4519,34.18782518256
7/1/2014,224020.41000,6911,32.41504992042
7/1/2015,83176.48139,2020,41.17647593564
7/1/2016,74401.21529,1808,41.15111465155
7/10/2014,78111.71646,2127,36.72389114245
7/10/2015,63968.38248,1622,39.43796700370
7/10/2016,87748.86289,2176,40.32576419577
7/11/2014,140167.80390,3722,37.65927025793
7/11/2015,280264.24450,7987,35.09005189683
7/11/2016,112536.37710,2621,42.93642773750
7/12/2014,104675.37610,2712,38.59711508112
7/12/2015,90441.60337,2198,41.14722628298
7/2/2014,301553.84260,9284,32.48102570013
7/2/2015,105918.29330,2573,41.16529082783
7/2/2016,174581.67680,5089,34.30569400668
7/3/2014,465318.02150,14551,31.97842220466
7/3/2015,306920.21160,8127,37.76549915098
7/3/2016,91143.02861,2405,37.89730919335
7/4/2014,131910.19750,3854,34.22682861962
7/4/2015,176814.20260,4348,40.66563997240
7/4/2016,155615.41940,4413,35.26295477000
7/5/2014,91719.58938,2677,34.26208045573
7/5/2015,117197.97170,2848,41.15097320927
7/5/2016,388187.60140,11363,34.16242201883
7/6/2014,391930.87800,12222,32.06765488463
7/6/2015,179602.91520,4758,37.74756519546
7/6/2016,70441.90741,1675,42.05487009552
7/7/2014,68918.41529,1967,35.03732348246
7/7/2015,135753.76600,3593,37.78284608962
7/7/2016,69579.06846,1654,42.06715142684
7/8/2014,103272.62270,2947,35.04330597218
7/8/2015,120326.87630,3088,38.96595735104
7/8/2016,30066.12618,715,42.05052612587
7/9/2014,234153.76220,7620,30.72884018373
7/9/2015,178921.09930,5228,34.22362266641
7/9/2016,50736.47417,1206,42.07004491708
8/1/2014,101836.40220,2990,34.05899739130
8/1/2015,76894.77935,1868,41.16422877409
8/1/2016,106592.34300,2594,41.09188242097
8/10/2014,70509.13279,1923,36.66621569943
8/10/2015,59609.54471,1512,39.42430205688
8/10/2016,92053.32577,2283,40.32121146299
8/11/2014,160727.30280,4268,37.65869325211
8/11/2015,134136.72870,3640,36.85074964286
8/11/2016,100479.93000,2341,42.92179837676
8/12/2014,90121.53048,2222,40.55874459046
8/12/2015,117649.00060,3190,36.88056445141
8/2/2014,316073.17750,9737,32.46104318579
8/2/2015,73041.66087,1774,41.17342777339
8/2/2016,208489.36940,6087,34.25158031871
8/3/2014,520146.74960,16262,31.98541074899
8/3/2015,122106.79560,2966,41.16884544842
8/3/2016,60528.09336,1577,38.38179667724
8/4/2014,118921.30770,3394,35.03868818503
8/4/2015,100917.67160,2451,41.17408062016
8/4/2016,264086.89380,7494,35.23977766213
8/5/2014,96335.44895,2683,35.90586990309
8/5/2015,330589.19980,8748,37.79026060814
8/5/2016,139178.98410,4074,34.16273541973
8/6/2014,193772.58110,6037,32.09749562697
8/6/2015,109810.54570,2613,42.02470176043
8/6/2016,162923.84960,4765,34.19178375656
8/7/2014,108417.40280,3094,35.04117737557
8/7/2015,84426.50941,2114,39.93685402554
8/7/2016,87184.74003,2073,42.05727931983
8/8/2014,439421.42210,13542,32.44878320041
8/8/2015,131867.99350,3388,38.92207600354
8/8/2016,37726.61590,897,42.05865763657
8/9/2014,244481.49770,7958,30.72147495602
8/9/2015,70286.99781,1810,38.83259547514
8/9/2016,43292.14924,1029,42.07205951409
9/1/2014,107804.30490,3159,34.12608575499
9/1/2015,123859.38800,3008,41.17665824468
9/1/2016,134629.65820,3274,41.12084856445
9/10/2014,103281.31100,2809,36.76799964400
9/10/2015,126588.25300,3211,39.42331142946
9/10/2016,51751.38325,1284,40.30481561526
9/11/2014,74115.62878,1968,37.66038047764
9/11/2015,94243.46553,2338,40.30943778015
9/11/2016,81649.68867,1901,42.95091460810
9/12/2014,75425.44370,1861,40.52952375067
9/12/2015,141285.39550,3814,37.04388974830
9/2/2014,135178.04260,4163,32.47130497238
9/2/2015,97908.54710,2378,41.17264386039
9/2/2016,84495.16667,2053,41.15692482708
9/3/2014,224699.25280,7014,32.03582161392
9/3/2015,117661.28080,2858,41.16909755073
9/3/2016,38340.59961,913,41.99408500548
9/4/2014,124828.28280,3563,35.03460084199
9/4/2015,74690.67273,1814,41.17457151599
9/4/2016,272761.29750,7738,35.24958613337
9/5/2014,303226.29840,9328,32.50710746141
9/5/2015,389972.11980,10329,37.75507017136
9/5/2016,66400.30305,1579,42.05212352755
9/6/2014,214177.98340,6607,32.41682812169
9/6/2015,76956.92035,1830,42.05296193989
9/6/2016,138752.52760,3953,35.10056352138
9/7/2014,81802.60821,2335,35.03323692077
9/7/2015,70815.19029,1797,39.40745146912
9/7/2016,78700.43605,1871,42.06330093533
9/8/2014,408616.35060,12588,32.46078412774
9/8/2015,75504.00274,1944,38.83950758230
9/8/2016,30831.69463,733,42.06233919509
9/9/2014,122749.63530,3503,35.04128898087
9/9/2015,76013.67790,1961,38.76271183070
9/9/2016,77335.91860,1917,40.34215889411
