DATE,SALES,COST_OF_SALES,DAILY_GP_PERCENT
1/1/2014,86782.46773,87986.31821,-1.38720471000
1/1/2015,112161.41960,122170.43170,-8.92375661400
1/1/2016,111650.23980,121448.28380,-8.77565871600
1/10/2014,594438.28080,639306.56880,-7.54801456300
1/10/2015,402312.33320,459285.80450,-14.16150254400
1/10/2016,208489.09030,201416.83760,3.39214521500
1/11/2014,247453.10220,242638.80120,1.94554077400
1/11/2015,274814.77810,287978.17490,-4.78991591800
1/11/2016,126954.17020,110698.74290,12.80416962600
1/12/2014,105100.66760,97257.39467,7.46262902900
1/12/2015,262394.78000,285838.55680,-8.93454389600
1/2/2014,181209.12850,178435.71530,1.53050413200
1/2/2015,171469.93050,174652.45800,-1.85602658800
1/2/2016,339004.33690,371177.18690,-9.49039481200
1/3/2014,846678.38820,872081.58500,-3.00033603700
1/3/2015,256701.54270,276569.25040,-7.73961367400
1/3/2016,180828.67410,182962.33700,-1.17993615300
1/4/2014,244535.20520,239700.68480,1.97702428800
1/4/2015,498894.34390,542483.83580,-8.73721909900
1/4/2016,232410.19800,245358.63000,-5.57136997900
1/5/2014,180294.26870,175656.65040,2.57224943100
1/5/2015,499703.41470,526206.93720,-5.30385058800
1/5/2016,354856.04490,380511.15920,-7.22972446700
1/6/2014,456017.46310,473223.98070,-3.77321462300
1/6/2015,440905.99870,474967.32760,-7.72530403300
1/6/2016,368789.57260,391923.65960,-6.27297752400
1/7/2014,180183.03140,173842.92090,3.51870564700
1/7/2015,305231.90810,324248.84150,-6.23032287800
1/7/2016,479010.15670,517742.19260,-8.08584856900
1/8/2014,611894.67320,636341.31590,-3.99523705200
1/8/2015,173306.90650,178699.97590,-3.11186063400
1/8/2016,65133.96620,55946.05656,14.10617251800
1/9/2014,594953.63490,662850.99080,-11.41220961000
1/9/2015,384806.77160,418101.59750,-8.65234927200
1/9/2016,313491.73510,333030.87570,-6.23274504900
10/1/2014,144829.95670,141333.99630,2.41383791000
10/1/2015,120807.57420,123392.80410,-2.13995680100
10/1/2016,90773.65306,84299.28824,7.13242730900
10/10/2014,179841.43180,170757.58120,5.05103329600
10/10/2015,119755.01160,116003.68690,3.13249913300
10/10/2016,50934.98319,44983.77730,11.68392628700
10/11/2014,76103.29152,73967.60569,2.80629889600
10/11/2015,131436.19790,143823.38640,-9.42448784900
10/11/2016,71529.16264,67551.25097,5.56124456500
10/12/2014,161844.80940,169348.51860,-4.63636073800
10/12/2015,133183.69370,137725.87610,-3.41046435500
10/2/2014,147727.51620,154828.68460,-4.80693684100
10/2/2015,138667.41590,148522.84900,-7.10724508400
10/2/2016,76661.25003,66379.56360,13.41184291400
10/3/2014,286230.67890,297642.89140,-3.98706824300
10/3/2015,62499.79917,62073.87265,0.68148462200
10/3/2016,37453.00618,35108.20011,6.26066185100
10/4/2014,179326.49020,183278.50240,-2.20380837000
10/4/2015,114067.07710,113653.97360,0.36215839900
10/4/2016,104689.42790,113609.30430,-8.52032204100
10/5/2014,431695.70920,465253.81570,-7.77355572100
10/5/2015,166536.00030,179243.05180,-7.63021297300
10/5/2016,42723.52446,37112.98506,13.13220168700
10/6/2014,188334.52120,195254.78100,-3.67445105400
10/6/2015,71199.58840,68669.39496,3.55366301500
10/6/2016,252458.26220,261502.38180,-3.58242171200
10/7/2014,103998.55970,101270.97110,2.62271766800
10/7/2015,125983.15180,127884.58720,-1.50927752900
10/7/2016,39809.55909,34091.56966,14.36335784800
10/8/2014,195866.77300,203331.43480,-3.81109143000
10/8/2015,69968.07770,72665.72553,-3.85554086800
10/8/2016,146811.45510,155135.62910,-5.66997581600
10/9/2014,78736.40284,77071.54271,2.11447319100
10/9/2015,48406.78715,45316.54273,6.38390730300
10/9/2016,85070.23489,76591.85292,9.96633191500
11/1/2014,146571.48240,143179.67000,2.31410117700
11/1/2015,69597.36735,71051.36350,-2.08915395100
11/1/2016,121373.06820,112550.43230,7.26902271700
11/10/2014,138038.23980,131192.31680,4.95943950700
11/10/2015,57413.41048,55617.58464,3.12788567200
11/10/2016,36113.93487,31885.28845,11.70918216300
11/11/2014,56303.36657,54996.86661,2.32046508000
11/11/2015,147893.94150,161665.60060,-9.31184804500
11/11/2016,160938.60160,152555.41730,5.20893323100
11/12/2014,158603.35700,171692.99360,-8.25306402600
11/12/2015,229672.25630,237672.01640,-3.48311991600
11/2/2014,135498.74640,139824.16160,-3.19221787300
11/2/2015,162162.10350,173661.82780,-7.09149921700
11/2/2016,64034.94046,55491.33853,13.34209397000
11/3/2014,187143.01810,191499.04280,-2.32764478400
11/3/2015,57063.98412,56638.28137,0.74600951300
11/3/2016,77997.04501,73051.67554,6.34045747400
11/4/2014,318949.81710,326322.52600,-2.31155765100
11/4/2015,126507.80090,126043.76920,0.36680085900
11/4/2016,131170.59690,142022.81260,-8.27336000300
11/5/2014,200407.27710,215907.82490,-7.73452342900
11/5/2015,198442.91270,213676.42840,-7.67652293200
11/5/2016,35014.39948,30393.74012,13.19645468300
11/6/2014,174324.99480,180978.60100,-3.81678267500
11/6/2015,68988.34667,66539.16520,3.55013794100
11/6/2016,293917.85250,311853.52050,-6.10227240300
11/7/2014,134018.08930,130633.26270,2.52564905100
11/7/2015,142378.18400,143924.56510,-1.08610817800
11/7/2016,45839.23877,39231.19537,14.41569183400
11/8/2014,232347.35320,241134.52780,-3.78191293300
11/8/2015,60187.14905,62538.49328,-3.90672139700
11/8/2016,99867.32962,103826.70140,-3.96463167200
11/9/2014,70875.11067,69489.36085,1.95519951500
11/9/2015,85940.02694,81559.84562,5.09678839500
11/9/2016,48831.66611,44014.23202,9.86538955900
12/1/2014,95422.37298,93126.14724,2.40638088100
12/1/2015,84738.29441,86467.53775,-2.04068697900
12/1/2016,99445.55710,92226.51810,7.25928760500
12/10/2014,61037.56223,57992.34151,4.98909296000
12/10/2015,57749.13694,55933.00858,3.14485801200
12/10/2016,31023.35977,27817.64247,10.33323703100
12/11/2014,49436.81586,48289.89228,2.31997866400
12/11/2015,140238.39050,153481.45340,-9.44325077700
12/11/2016,164998.84460,156263.14950,5.29439774000
12/12/2014,279092.09600,301236.10990,-7.93430348500
12/12/2015,333488.79790,359621.07490,-7.83602842600
12/2/2014,163432.84520,166893.36890,-2.11739794200
12/2/2015,138520.12680,147756.34280,-6.66777905400
12/2/2016,148839.97490,129583.49210,12.93770898100
12/3/2014,191700.38910,197153.42400,-2.84456120600
12/3/2015,48008.48284,47681.67208,0.68073544600
12/3/2016,79752.28268,74962.81640,6.00542845800
12/4/2014,375031.10930,383727.19400,-2.31876356000
12/4/2015,79648.62939,79349.40245,0.37568372800
12/4/2016,123179.48940,132714.96020,-7.74111895300
12/5/2014,183413.70830,197835.49510,-7.86298196200
12/5/2015,193182.15060,208039.17340,-7.69068092200
12/5/2016,27210.40663,23570.15916,13.37814432400
12/6/2014,200271.56430,207757.70300,-3.73799382200
12/6/2015,155156.87920,149423.24360,3.69537956000
12/6/2016,138350.12180,143346.67460,-3.61152757600
12/7/2014,99277.29950,96688.49781,2.60764716900
12/7/2015,57427.68071,58723.04053,-2.25563666200
12/7/2016,36851.76375,31574.32547,14.32072102700
12/8/2014,190325.18110,197438.11160,-3.73725140300
12/8/2015,44698.70075,46849.56715,-4.81192151900
12/8/2016,210664.86280,220379.27670,-4.61131190600
12/9/2014,148634.39140,145956.13970,1.80190578700
12/9/2015,57381.75145,54340.89151,5.29935016500
12/9/2016,52075.15718,46884.14251,9.96831301400
13/1/2014,114883.17380,112186.30870,2.34748485000
13/1/2015,64653.97214,65980.42209,-2.05161400900
13/1/2016,67587.54693,62760.35683,7.14212945900
13/10/2014,86799.75945,82392.33326,5.07769401400
13/10/2015,40140.82003,38881.08844,3.13828065600
13/10/2016,22334.21253,19704.09315,11.77619034700
13/11/2014,55033.12240,53997.21887,1.88232737800
13/11/2015,358183.77400,391310.32070,-9.24847776600
13/11/2016,97946.78305,93112.60891,4.93551088600
13/12/2014,369350.98950,402564.67860,-8.99244622200
13/12/2015,185422.88560,191390.40130,-3.21832749000
13/2/2014,138291.63330,141027.43450,-1.97828396000
13/2/2015,358597.42850,382447.08040,-6.65081509400
13/2/2016,172541.50790,150538.98370,12.75201803200
13/3/2014,164663.96760,168975.17400,-2.61818445300
13/3/2015,117446.83910,116681.14160,0.65195241200
13/3/2016,37155.58848,34962.83050,5.90155632000
13/4/2014,166393.54070,170061.86410,-2.20460685200
13/4/2015,83137.43243,82700.35417,0.52572980300
13/4/2016,124431.04640,132889.05690,-6.79734740200
13/5/2014,146166.60110,157693.18930,-7.88592476900
13/5/2015,166403.12700,179221.57230,-7.70324784800
13/5/2016,79840.08825,69078.71414,13.47866008900
13/6/2014,468701.63020,486180.54440,-3.72921984300
13/6/2015,185109.52310,178347.36940,3.65305554600
13/6/2016,130067.27560,134950.56650,-3.75443467800
13/7/2014,49705.23200,48370.30899,2.68567906500
13/7/2015,63331.33100,64690.05907,-2.14542794000
13/7/2016,33225.67047,28489.08140,14.25581185600
13/8/2014,197698.11860,205114.12890,-3.75117899600
13/8/2015,39463.40906,41414.41837,-4.94384382000
13/8/2016,266271.03910,281658.41830,-5.77884070800
13/9/2014,171724.82880,168652.20360,1.78927253600
13/9/2015,32479.79639,30763.68812,5.28361769700
13/9/2016,30424.72626,27398.58813,9.94631177300
14/1/2014,80090.80008,78096.76018,2.48972403600
14/1/2015,59553.38603,60703.35603,-1.93099011900
14/1/2016,61685.93524,57191.43932,7.28609512400
14/10/2014,69570.50147,66313.94098,4.68095014600
14/10/2015,42195.81736,40869.24947,3.14383740600
14/10/2016,69440.92880,62070.75118,10.61359308900
14/11/2014,149808.16590,146994.89550,1.87791525500
14/11/2015,377937.13870,413010.22900,-9.28013860200
14/11/2016,87834.25368,83068.26903,5.42611162500
14/12/2014,177500.10770,192327.32070,-8.35335436800
14/12/2015,173833.13320,179871.05330,-3.47340003000
14/2/2014,336901.37170,343519.87550,-1.96452266300
14/2/2015,424009.88250,451548.02760,-6.49469416600
14/2/2016,87991.66300,76378.50464,13.19802122600
14/3/2014,395941.34510,406765.91400,-2.73388193300
14/3/2015,150591.54790,149573.82760,0.67581502000
14/3/2016,45046.51321,42368.04535,5.94600485000
14/4/2014,193652.32780,198212.06870,-2.35460164700
14/4/2015,40776.02706,39940.19958,2.04980117100
14/4/2016,162166.83600,172225.65270,-6.20275818900
14/5/2014,201120.72760,218098.76190,-8.44171284700
14/5/2015,149178.60150,160620.20710,-7.66973646700
14/5/2016,82484.44829,71426.01164,13.40669287300
14/6/2014,473425.75420,492135.29230,-3.95194767800
14/6/2015,83779.54401,80659.82181,3.72372783500
14/6/2016,107168.66110,111173.15850,-3.73663098800
14/7/2014,75384.57455,73393.44659,2.64129362300
14/7/2015,51241.02855,52509.91622,-2.47631186600
14/7/2016,30423.39146,26053.79672,14.36261550800
14/8/2014,177908.83560,184687.52910,-3.81020620900
14/8/2015,85794.09690,89898.89423,-4.78447524800
14/8/2016,123084.03910,129601.52720,-5.29515292800
14/9/2014,86435.69883,84948.37458,1.72072913200
14/9/2015,52160.18393,49656.00775,4.80093433600
14/9/2016,20495.11303,18375.05261,10.34422409300
15/1/2014,98945.37116,97159.00259,1.80540893300
15/1/2015,79080.75696,80337.74831,-1.58950343700
15/1/2016,150006.92980,139244.89580,7.17435788800
15/10/2014,130476.35530,124398.43160,4.65825680500
15/10/2015,53490.79747,51799.16590,3.16247214500
15/10/2016,92159.02979,83371.81702,9.53483645600
15/11/2014,180685.51070,176898.27780,2.09603575000
15/11/2015,168729.96240,184673.48850,-9.44913747000
15/11/2016,95509.13498,88104.20453,7.75311225600
15/12/2014,282246.62870,304489.63830,-7.88069983400
15/12/2015,220271.72140,237123.34330,-7.65037917400
15/2/2014,367729.26820,373973.59330,-1.69807672100
15/2/2015,203861.47240,217065.61520,-6.47701728300
15/2/2016,123445.38160,108669.22540,11.96979263900
15/3/2014,518183.21040,534383.14310,-3.12629440200
15/3/2015,67152.47495,66802.98322,0.52044504700
15/3/2016,55489.33276,52263.05699,5.81422700500
15/4/2014,249805.51720,255956.65400,-2.46237027500
15/4/2015,58278.45793,56969.92259,2.24531565600
15/4/2016,354042.02320,373200.30600,-5.41130192000
15/5/2014,270123.55080,289864.79850,-7.30822900900
15/5/2015,380592.57760,409812.43270,-7.67746320300
15/5/2016,51497.23734,44611.93968,13.37022725000
15/6/2014,224232.12140,233554.03220,-4.15725933500
15/6/2015,149501.57450,143962.87190,3.70477877500
15/6/2016,224030.55440,237934.73420,-6.20637655300
15/7/2014,110288.23420,107437.38100,2.58491145600
15/7/2015,80326.44081,81730.27070,-1.74765603400
15/7/2016,80345.63766,68788.09454,14.38477987900
15/8/2014,473321.88250,491559.42300,-3.85309472800
15/8/2015,117288.01010,122504.35720,-4.44746832700
15/8/2016,162727.52480,168580.17060,-3.59659240600
15/9/2014,120236.18270,118094.04320,1.78160970500
15/9/2015,51002.83957,48601.96750,4.70733020000
15/9/2016,40742.17168,36464.75981,10.49873311500
16/1/2014,84904.90171,83350.43316,1.83083487400
16/1/2015,149444.05680,152030.98650,-1.73103551600
16/1/2016,191287.35350,177577.28720,7.16726226200
16/10/2014,95229.77348,91087.85134,4.34939829100
16/10/2015,110809.31580,107331.98050,3.13812541400
16/10/2016,57296.28785,52701.29461,8.01970496200
16/11/2014,75871.43677,73905.81016,2.59073334300
16/11/2015,177192.56980,193615.30370,-9.26829715200
16/11/2016,77229.97189,71428.87000,7.51146445900
16/12/2014,166037.92570,179571.12910,-8.15067000100
16/12/2015,234468.07120,251493.90890,-7.26147386000
16/2/2014,133913.84140,136797.07740,-2.15305301500
16/2/2015,220506.20930,234723.22000,-6.44744234000
16/2/2016,77344.69187,68269.24884,11.73376324900
16/3/2014,226617.95490,233191.10460,-2.90054232600
16/3/2015,80635.28925,80121.29052,0.63743645600
16/3/2016,41893.30316,39495.45590,5.72370063700
16/4/2014,294023.41090,301522.35230,-2.55045725000
16/4/2015,50000.10144,48827.88538,2.34442736400
16/4/2016,327352.26140,345338.62810,-5.49449899100
16/5/2014,415315.38390,441790.76720,-6.37476585900
16/5/2015,413700.17890,445569.71910,-7.70353551300
16/5/2016,42871.83287,37139.30826,13.37130751400
16/6/2014,185606.27500,193340.31540,-4.16690674900
16/6/2015,100477.29680,96810.10358,3.64977297000
16/6/2016,201918.22210,209095.56970,-3.55458141700
16/7/2014,156536.68620,164641.35400,-5.17748778000
16/7/2015,71912.56573,73762.62917,-2.57265669900
16/7/2016,95297.33863,81655.85773,14.31465043600
16/8/2014,541600.89220,562953.37080,-3.94247478300
16/8/2015,71056.06100,74589.17287,-4.97228782500
16/8/2016,114708.94600,119758.06170,-4.40167561100
16/9/2014,83204.19669,81753.42459,1.74362851600
16/9/2015,30194.71596,28605.46080,5.26335522400
16/9/2016,69864.83699,62545.19068,10.47686737000
17/1/2014,135460.61970,132703.33540,2.03548773500
17/1/2015,170624.07990,173547.02710,-1.71309184600
17/1/2016,92595.46084,86018.18961,7.10323289100
17/10/2014,121057.86130,116949.79130,3.39347643800
17/10/2015,111527.01350,108023.60730,3.14130728500
17/10/2016,57184.94127,51764.93737,9.47802652200
17/11/2014,86313.33408,84418.78911,2.19496210000
17/11/2015,152368.74910,166625.36500,-9.35665350300
17/12/2014,148910.99840,161137.52200,-8.21062495800
17/12/2015,213778.13810,230994.35520,-8.05331043300
17/2/2014,150800.34700,152887.10640,-1.38378952100
17/2/2015,139935.93700,148697.54370,-6.26115556000
17/2/2016,158963.02490,167521.52590,-5.38395705900
17/3/2014,243707.87190,250794.22130,-2.90772281800
17/3/2015,50669.63710,50308.95705,0.71182678700
17/3/2016,34348.50419,32292.83760,5.98473394500
17/4/2014,612236.00580,627927.75870,-2.56302353200
17/4/2015,103911.91910,101408.94960,2.40874148200
17/4/2016,164809.30300,175167.42880,-6.28491572500
17/5/2014,498716.99760,526707.37700,-5.61247752400
17/5/2015,177159.67310,190811.57790,-7.70598893100
17/5/2016,39104.63910,33890.36043,13.33416901400
17/6/2014,212687.50940,221403.64500,-4.09809472300
17/6/2015,89072.70535,85639.30775,3.85460123400
17/6/2016,329344.26830,341253.32960,-3.61599166800
17/7/2014,80823.05920,78844.86050,2.44756721600
17/7/2015,119204.30950,122669.69940,-2.90710119000
17/7/2016,45324.05453,38809.80890,14.37260125500
17/8/2014,239513.97900,249203.12080,-4.04533457300
17/8/2015,64394.07445,67505.25414,-4.83146891500
17/8/2016,122318.90750,128298.34350,-4.88839879500
17/9/2014,73768.03473,72471.91932,1.75701496600
17/9/2015,29751.22261,28084.23513,5.60308899500
17/9/2016,100120.71110,89572.40762,10.53558585800
18/1/2014,149925.74970,146928.41180,1.99921488200
18/1/2015,74744.28315,76003.92825,-1.68527283500
18/1/2016,96947.05429,89961.35950,7.20568029800
18/10/2014,169498.91640,164492.94660,2.95339339400
18/10/2015,59808.13867,57937.45866,3.12780175300
18/10/2016,40951.10428,37288.62455,8.94354326800
18/11/2014,62631.79875,61158.36109,2.35253926800
18/11/2015,147471.80490,161402.91870,-9.44662866900
18/12/2014,202359.14290,221435.76860,-9.42711331300
18/12/2015,273563.01480,295854.55230,-8.14859330200
18/2/2014,55591.93034,53463.24421,3.82912792700
18/2/2015,161064.75230,170739.36660,-6.00666139700
18/2/2016,69598.07115,61492.96831,11.64558543900
18/3/2014,94849.74380,90571.58892,4.51045486100
18/3/2015,48648.99266,48362.06879,0.58978378400
18/3/2016,78276.83122,73746.75871,5.78724565000
18/4/2014,464815.51790,476692.54370,-2.55521284100
18/4/2015,132843.22260,129545.53210,2.48239273000
18/4/2016,151157.79430,159828.76500,-5.73637022200
18/5/2014,166433.17210,174376.63250,-4.77276272500
18/5/2015,196420.76350,211510.78610,-7.68249869900
18/5/2016,34406.75001,29884.33059,13.14398895200
18/6/2014,184259.69240,192057.51080,-4.23197189700
18/6/2015,78746.59586,75673.78199,3.90215454600
18/6/2016,308642.97720,327672.04150,-6.16539682000
18/7/2014,124615.68560,121612.17890,2.41021560500
18/7/2015,129441.27870,132493.43150,-2.35794395000
18/7/2016,51604.11841,44222.78448,14.30376907400
18/8/2014,255224.22260,265532.54620,-4.03892839600
18/8/2015,35165.97208,36841.96732,-4.76595737500
18/8/2016,112010.34450,117374.19160,-4.78870690400
18/9/2014,69425.44512,68280.38328,1.64934029300
18/9/2015,68504.63944,64881.97565,5.28820211200
18/9/2016,49825.09704,44593.79688,10.49932758900
19/1/2014,74297.30718,72782.28432,2.03913562600
19/1/2015,90144.16140,91110.96935,-1.07251311100
19/1/2016,70512.89450,65453.27639,7.17545088200
19/10/2014,90692.37588,87911.21158,3.06659107000
19/10/2015,55166.22623,53436.89709,3.13476062800
19/10/2016,37672.44729,33678.45927,10.60188097000
19/11/2014,48529.10336,47409.55406,2.30696473400
19/11/2015,145697.15200,159317.60940,-9.34847195900
19/12/2014,274343.65430,299516.83780,-9.17578486200
19/12/2015,337506.78840,362223.16090,-7.32322233200
19/2/2014,106427.19180,107736.44410,-1.23018589300
19/2/2015,144328.54520,152824.11490,-5.88627127700
19/2/2016,161275.60220,143446.35830,11.05514018000
19/3/2014,92386.78307,88255.84099,4.47135612100
19/3/2015,43213.17762,42981.21685,0.53678248800
19/3/2016,92851.40266,87451.56618,5.81556802100
19/4/2014,360480.94040,369765.61280,-2.57563475900
19/4/2015,62786.61128,61213.25591,2.50587718900
19/4/2016,126895.93650,133726.28060,-5.38263421900
19/5/2014,168520.62940,175540.11550,-4.16535715800
19/5/2015,137940.87220,147846.05220,-7.18074334500
19/5/2016,39403.65856,34229.63192,13.13082802200
19/6/2014,113735.81620,119544.01980,-5.10674983000
19/6/2015,141913.38240,136017.75040,4.15438762700
19/6/2016,134472.40660,139385.87620,-3.65388686400
19/7/2014,242758.95050,255779.85450,-5.36371737200
19/7/2015,77645.74994,79555.63474,-2.45974158500
19/7/2016,37870.11903,32436.79597,14.34725635700
19/8/2014,160372.03970,167021.15780,-4.14605819800
19/8/2015,23234.18320,24104.08598,-3.74406439200
19/8/2016,229861.47030,241090.13360,-4.88496975400
19/9/2014,137154.95410,135276.90960,1.36928666700
19/9/2015,68996.56176,65211.57177,5.48576609200
19/9/2016,46566.46205,41660.44043,10.53552579300
2/1/2014,200173.11680,202881.17770,-1.35285943700
2/1/2015,271101.46170,295019.46940,-8.82252996700
2/1/2016,262421.28190,285675.84570,-8.86153883200
2/10/2014,470507.66300,506072.03330,-7.55872286400
2/10/2015,393635.17490,448390.96580,-13.91028911800
2/10/2016,118580.47260,113346.95730,4.41347144700
2/11/2014,148476.18120,145646.33680,1.90592482700
2/11/2015,269555.02310,281915.19210,-4.58539739200
2/11/2016,97558.24705,86203.87520,11.63855665000
2/12/2014,88219.52549,85533.42892,3.04478691700
2/12/2015,248437.71130,269807.62040,-8.60171710200
2/2/2014,113433.58100,111466.51680,1.73411099500
2/2/2015,151737.21880,154148.59880,-1.58918162500
2/2/2016,278116.36930,295645.62910,-6.30285079700
2/3/2014,478902.30490,495554.44990,-3.47714864400
2/3/2015,234705.59280,252709.82310,-7.67098477900
2/3/2016,171196.17520,174428.68090,-1.88818803700
2/4/2014,155620.50380,153366.01880,1.44870691500
2/4/2015,715032.18990,777522.19280,-8.73946708700
2/4/2016,195831.09750,205442.82810,-4.90817379000
2/5/2014,163849.03580,157300.62560,3.99661198400
2/5/2015,461667.00390,496852.80200,-7.62146694500
2/5/2016,283284.58130,304997.85180,-7.66482609100
2/6/2014,425845.19600,442155.99120,-3.83021702600
2/6/2015,334318.89780,360168.82710,-7.73211729000
2/6/2016,278071.38660,295548.24160,-6.28502458100
2/7/2014,104760.70620,101615.73200,3.00205517300
2/7/2015,250481.61770,266061.92840,-6.22014135900
2/7/2016,454543.28580,490487.02460,-7.90766026500
2/8/2014,628685.21880,653779.96350,-3.99162314500
2/8/2015,88154.33871,90828.66170,-3.03368277600
2/8/2016,70641.25372,60629.55300,14.17259772800
2/9/2014,469469.94100,523480.30330,-11.50454109700
2/9/2015,345776.25030,373816.16840,-8.10926663600
2/9/2016,370355.00170,392493.08270,-5.97752991000
20/1/2014,83356.42456,81789.13612,1.88022512800
20/1/2015,97826.80880,99134.30699,-1.33654384300
20/1/2016,159590.49010,182351.13880,-14.26190789000
20/10/2014,101723.91500,98870.81188,2.80475158700
20/10/2015,42054.68047,40736.15048,3.13527525400
20/10/2016,38648.13752,35038.06869,9.34086106500
20/11/2014,51040.88137,50038.14263,1.96457959400
20/11/2015,301033.98650,328965.14330,-9.27840644300
20/12/2014,316167.07470,346378.30480,-9.55546371400
20/12/2015,155312.78390,167421.97370,-7.79664718900
20/2/2014,78940.55442,75934.39482,3.80813084200
20/2/2015,293071.75920,310240.37840,-5.85816226300
20/2/2016,325215.07680,345446.00180,-6.22078324300
20/3/2014,180394.82770,172344.30440,4.46272401600
20/3/2015,96881.01809,96453.28728,0.44150115100
20/3/2016,54845.78930,51625.51172,5.87151287500
20/4/2014,114279.57730,117190.82620,-2.54747958400
20/4/2015,57233.40664,55706.87543,2.66720312400
20/4/2016,166395.44580,179020.54250,-7.58740519600
20/5/2014,178123.53210,187748.17220,-5.40335125100
20/5/2015,166176.28380,178568.18050,-7.45707896300
20/5/2016,96830.90242,83926.00350,13.32725255800
20/6/2014,203165.08300,205350.64310,-1.07575576900
20/6/2015,169304.27830,162287.90920,4.14423614700
20/6/2016,143809.72060,148953.91090,-3.57708107500
20/7/2014,85078.24369,83020.51413,2.41863192100
20/7/2015,69926.65036,71362.51784,-2.05339090700
20/7/2016,42723.52446,36607.39066,14.31561154500
20/8/2014,171587.33230,174723.17540,-1.82754930600
20/8/2015,24754.95718,25407.17407,-2.63469205500
20/8/2016,249981.24970,262145.17730,-4.86593599100
20/9/2014,153569.06190,151376.13560,1.42797401600
20/9/2015,41855.92876,39629.45187,5.31938235700
20/9/2016,37923.76586,34031.14949,10.26431917200
21/1/2014,89922.01429,88388.91607,1.70491979300
21/1/2015,62795.97915,64144.08888,-2.14680899700
21/1/2016,67046.27342,61894.26256,7.68426132800
21/10/2014,103395.69130,100424.15570,2.87394529000
21/10/2015,53678.17911,51999.86087,3.12663035100
21/10/2016,96020.54537,86810.27753,9.59197618000
21/11/2014,53973.92224,47192.49828,12.56426007000
21/11/2015,309518.07210,338720.02360,-9.43465152200
21/12/2014,173833.40010,190644.50160,-9.67081210500
21/12/2015,289243.38310,312784.97430,-8.13902497900
21/2/2014,317916.31790,322089.78900,-1.31275774900
21/2/2015,267782.15400,283430.33680,-5.84362421700
21/2/2016,96957.29584,86455.49438,10.83136794300
21/3/2014,200939.69240,192019.14430,4.43941562400
21/3/2015,121360.88510,120829.28800,0.43803001200
21/3/2016,48037.79990,45187.64158,5.93315748400
21/4/2014,161170.82040,165415.08380,-2.63339442600
21/4/2015,56874.34546,55172.17123,2.99286825400
21/4/2016,167796.35480,182485.09890,-8.75391132200
21/5/2014,194878.80260,204460.66540,-4.91683172900
21/5/2015,84604.37757,81763.26739,3.35811250200
21/5/2016,99380.39460,86179.51339,13.28318453900
21/6/2014,203345.24460,206918.91260,-1.75743868900
21/6/2015,89512.24284,85781.80703,4.16751462300
21/6/2016,123252.15110,127533.00930,-3.47325232200
21/7/2014,86738.06743,84643.27183,2.41508216900
21/7/2015,71973.04430,73851.78840,-2.61034407800
21/7/2016,35169.91581,30133.31864,14.32075412800
21/8/2014,164208.06060,167239.64880,-1.84618720200
21/8/2015,76691.28303,78691.95632,-2.60873623600
21/8/2016,136480.24910,143734.22720,-5.31503873100
21/9/2014,75633.32059,74546.66825,1.43673758000
21/9/2015,44303.46649,41485.45872,6.36069362800
21/9/2016,50084.81270,44832.21260,10.48741088700
22/1/2014,57806.30278,57157.28254,1.12274995800
22/1/2015,66550.98983,67952.15055,-2.10539426000
22/1/2016,266949.23880,294322.92720,-10.25426726200
22/10/2014,99075.59910,96511.72216,2.58779857300
22/10/2015,55930.16864,54177.69006,3.13333326600
22/10/2016,105662.59420,95930.01651,9.21099634500
22/11/2014,47497.98253,41179.08825,13.30350036700
22/11/2015,152504.63170,167600.65090,-9.89872834100
22/12/2014,204565.08180,210188.90940,-2.74916302900
22/12/2015,313125.33250,338299.61780,-8.03968337500
22/2/2014,309217.87560,320116.92430,-3.52471495300
22/2/2015,136052.68840,144020.12280,-5.85613889300
22/2/2016,85224.47709,75960.71802,10.86983386300
22/3/2014,172953.92470,165201.30500,4.48247688700
22/3/2015,66954.36637,66756.37644,0.29570876500
22/3/2016,65905.72326,62023.88130,5.88999220100
22/4/2014,182483.14650,187344.73720,-2.66413134200
22/4/2015,132737.73700,140263.93010,-5.66997243600
22/4/2016,351146.01700,380098.15640,-8.24504280200
22/5/2014,115475.09690,115011.32260,0.40162278500
22/5/2015,321821.02030,346487.52030,-7.66466403500
22/5/2016,61656.18133,53463.73456,13.28730809000
22/6/2014,134944.48900,135372.52700,-0.31719561400
22/6/2015,85984.07534,82427.23154,4.13663086600
22/6/2016,40067.15121,34559.08452,13.74708838500
22/7/2014,56673.61581,55278.70783,2.46130048400
22/7/2015,44304.89836,45468.83698,-2.62711046200
22/7/2016,61148.20501,52384.44748,14.33199474700
22/8/2014,376778.83570,384006.04530,-1.91815699700
22/8/2015,102231.21180,104713.00750,-2.42763013000
22/8/2016,127369.80260,133350.16140,-4.69527209600
22/9/2014,90815.92981,89653.63759,1.27983297900
22/9/2015,46599.29813,43806.73201,5.99272141900
22/9/2016,41885.82828,37565.47859,10.31458578600
23/1/2014,63977.75035,62863.98724,1.74086007100
23/1/2015,154670.89070,158031.79100,-2.17293654000
23/1/2016,315272.22480,346093.06700,-9.77594592100
23/10/2014,97476.14472,94763.84255,2.78252918000
23/10/2015,185771.00150,192527.01100,-3.63674063500
23/10/2016,54738.48352,49990.51929,8.67390531200
23/11/2014,31219.95153,26893.30468,13.85859566700
23/11/2015,79711.58341,74375.78871,6.69387618700
23/12/2014,316394.73090,326627.13840,-3.23406381400
23/12/2015,268330.39270,249584.21520,6.98622966700
23/2/2014,138491.55000,140752.60160,-1.63262783900
23/2/2015,86703.31409,85730.96654,1.12146526400
23/2/2016,54612.87884,49071.80254,10.14609816900
23/3/2014,70194.79954,67061.62271,4.46354552000
23/3/2015,81342.15076,81132.01290,0.25833821500
23/3/2016,84870.05130,81472.82718,4.00285385500
23/4/2014,109358.41250,106849.89880,2.29384611800
23/4/2015,60310.33895,58446.05493,3.09115162100
23/4/2016,420738.82180,455415.34930,-8.24181789300
23/5/2014,430521.02450,449274.18630,-4.35592241300
23/5/2015,418715.41060,450936.27930,-7.69517144200
23/5/2016,69163.55737,59948.43871,13.32366207100
23/6/2014,138298.21020,139206.02690,-0.65641970300
23/6/2015,64956.46208,62169.77712,4.29008118800
23/6/2016,143752.73680,155659.53370,-8.28283145400
23/7/2014,165742.17050,173725.35750,-4.81662993500
23/7/2015,66799.72373,69323.64787,-3.77834517700
23/7/2016,77171.70180,66113.83204,14.32891785700
23/8/2014,453633.47400,463250.07130,-2.11990469200
23/8/2015,56974.86803,57548.98515,-1.00766731000
23/8/2016,43537.72816,37649.38753,13.52468509200
23/9/2014,110118.15640,108880.40900,1.12401754700
23/9/2015,125182.75720,138583.83780,-10.70521284200
23/9/2016,147503.57320,131964.51580,10.53469896600
24/1/2014,116958.79980,114823.79520,1.82543306200
24/1/2015,158722.10560,162082.41840,-2.11710447500
24/1/2016,149138.92150,163505.71300,-9.63316038200
24/10/2014,248974.65280,241961.14320,2.81695727700
24/10/2015,253116.91320,262409.56940,-3.67129011000
24/10/2016,40131.57351,36347.69872,9.42867288500
24/11/2014,26870.32387,23516.04172,12.48322188500
24/11/2015,111021.37910,121456.52400,-9.39922110900
24/12/2014,486230.32020,495909.08960,-1.99057298500
24/12/2015,392228.13800,364396.19420,7.09585598400
24/2/2014,133146.22220,134505.40420,-1.02081905000
24/2/2015,95474.35737,100867.52410,-5.64881176300
24/2/2016,81530.61238,81738.05644,-0.25443701900
24/3/2014,81378.21463,77703.64633,4.51542014900
24/3/2015,125060.70790,136375.15270,-9.04716196600
24/3/2016,262459.50570,259298.45660,1.20439497600
24/4/2014,98430.11411,96197.48223,2.26824067000
24/4/2015,343587.00850,362390.59600,-5.47272947900
24/4/2016,186166.15080,202391.17870,-8.71534800000
24/5/2014,590642.82570,614245.79410,-3.99614917400
24/5/2015,169541.26590,182419.14140,-7.59571743900
24/5/2016,113112.86500,117414.69890,-3.80313406400
24/6/2014,36692.67986,35299.06424,3.79807532500
24/6/2015,106613.43280,113428.47430,-6.39229159100
24/6/2016,389904.00860,422372.58160,-8.32732474800
24/7/2014,95618.24880,92416.90384,3.34804809800
24/7/2015,125689.59280,130428.22640,-3.77010816400
24/7/2016,40881.35491,35019.11264,14.33964770200
24/8/2014,214392.40090,218347.79780,-1.84493334800
24/8/2015,59442.73112,59785.42861,-0.57651706700
24/8/2016,120407.41330,127699.41590,-6.05610767700
24/9/2014,209908.38310,223554.08660,-6.50079015400
24/9/2015,150036.80500,167704.85540,-11.77581087500
24/9/2016,151639.18380,135498.16320,10.64435998400
25/1/2014,155272.82480,152636.27660,1.69801006900
25/1/2015,78092.27692,79795.04310,-2.18045400500
25/1/2016,215171.03820,234621.59890,-9.03958119200
25/10/2014,302721.68330,294129.67110,2.83825463300
25/10/2015,118618.45370,122915.26700,-3.62238181800
25/10/2016,70402.99193,63452.76104,9.87206750700
25/11/2014,40530.64229,35674.19076,11.98217263700
25/11/2015,243161.25920,266054.36990,-9.41478538800
25/12/2014,137686.53210,140525.78670,-2.06211497700
25/12/2015,133728.98370,124363.55730,7.00328839800
25/2/2014,224994.65620,227546.44660,-1.13415600300
25/2/2015,198431.62750,209499.79410,-5.57782382800
25/2/2016,160947.53260,162597.49680,-1.02515656700
25/3/2014,130227.01470,127394.28920,2.17522109900
25/3/2015,253218.83120,276194.82950,-9.07357410600
25/3/2016,228124.39800,222208.35040,2.59334277800
25/4/2014,295741.34700,292327.02830,1.15449487700
25/4/2015,496882.31500,535306.00990,-7.73295682700
25/4/2016,251449.52960,273255.09850,-8.67194658700
25/5/2014,210764.71800,217364.46300,-3.13133292100
25/5/2015,256434.50990,276173.79250,-7.69759210900
25/5/2016,253686.30250,268974.57070,-6.02644606700
25/6/2014,56077.54269,53925.25763,3.83805166300
25/6/2015,183843.81730,195365.73070,-6.26722920000
25/6/2016,461280.78560,498910.32900,-8.15762212000
25/7/2014,515698.79580,538260.27180,-4.37493284500
25/7/2015,138624.94500,143537.39520,-3.54369857500
25/7/2016,43085.59501,36887.36617,14.38584946700
25/8/2014,316404.06230,323293.39660,-2.17738490800
25/8/2015,217683.36230,246975.73080,-13.45641127100
25/8/2016,226375.54310,240429.68550,-6.20833072700
25/9/2014,358365.68300,382967.98320,-6.86513842300
25/9/2015,368037.69190,413540.80720,-12.36371064700
25/9/2016,72457.29759,64758.50417,10.62528368600
26/1/2014,82885.21591,81583.16695,1.57090615700
26/1/2015,91830.40204,93808.08675,-2.15362741100
26/1/2016,205197.89840,221931.58010,-8.15489916300
26/10/2014,128520.72780,124739.23390,2.94232219600
26/10/2015,123320.78400,128133.77860,-3.90282517200
26/10/2016,62501.74070,56100.87429,10.24110102900
26/11/2014,30371.43134,26054.84917,14.21263990400
26/11/2015,311443.18120,355343.87180,-14.09589076000
26/12/2014,48102.96241,49028.36507,-1.92379557000
26/12/2015,82778.44405,76876.49270,7.12981672700
26/2/2014,225051.59150,228214.14210,-1.40525582600
26/2/2015,157291.73400,166305.03760,-5.73030976900
26/2/2016,188736.24740,183103.23370,2.98459558100
26/3/2014,125310.03640,122275.10260,2.42193992400
26/3/2015,229184.47190,250361.15020,-9.24001444100
26/3/2016,162929.49210,161434.81510,0.91737657900
26/4/2014,285053.97990,281159.58110,1.36619695700
26/4/2015,200369.82990,210964.76810,-5.28769136800
26/4/2016,280321.81070,302469.83200,-7.90092688300
26/5/2014,218189.34850,225607.59520,-3.39991239300
26/5/2015,199385.91240,214719.75280,-7.69053350600
26/5/2016,210305.29190,223289.08460,-6.17378316200
26/6/2014,55780.70745,53688.24120,3.75123648600
26/6/2015,319579.79410,339241.69180,-6.15242204400
26/6/2016,221578.69680,240449.62230,-8.51657933400
26/7/2014,562590.36650,586670.51410,-4.28022750400
26/7/2015,81715.04533,85089.22343,-4.12920054900
26/7/2016,43894.99343,37604.65842,14.33041565400
26/8/2014,242824.50130,259860.51250,-7.01577110600
26/8/2015,275458.80690,307092.27440,-11.48391944900
26/8/2016,337900.17820,358772.25040,-6.17699354600
26/9/2014,585463.99600,625980.93020,-6.92048263900
26/9/2015,351319.63810,397626.58510,-13.18085924600
26/9/2016,67355.06118,60179.02085,10.65404767600
27/1/2014,72353.42588,71377.15646,1.34930641900
27/1/2015,76992.93568,78614.45775,-2.10606603800
27/1/2016,214452.24840,231730.23270,-8.05679792500
27/10/2014,145185.26830,140651.93720,3.12244565400
27/10/2015,117051.27720,122175.00030,-4.37733207400
27/10/2016,53675.21828,48201.94098,10.19702849000
27/11/2014,37776.65877,32719.68964,13.38649127400
27/11/2015,375876.01340,431325.68670,-14.75211807200
27/12/2014,110162.13200,112383.55920,-2.01650708800
27/12/2015,69522.83697,64616.07665,7.05776768300
27/2/2014,344299.68240,365935.65300,-6.28405186100
27/2/2015,307540.67520,324997.33650,-5.67621219200
27/2/2016,215951.50790,210032.78810,2.74076335800
27/3/2014,119452.33960,118186.57500,1.05963985700
27/3/2015,354191.35100,386464.65130,-9.11182619500
27/3/2016,58359.83218,57681.56988,1.16220742000
27/4/2014,124964.79650,123042.15900,1.53854329700
27/4/2015,194028.06180,204053.49890,-5.16700368300
27/4/2016,313434.93330,337931.11700,-7.81539678500
27/5/2014,226132.46390,234496.51280,-3.69873867500
27/5/2015,243554.22430,262251.08010,-7.67667071000
27/5/2016,364087.42430,386499.89640,-6.15579407700
27/6/2014,131721.23830,127302.42710,3.35466873600
27/6/2015,369245.75870,392017.97350,-6.16722447400
27/6/2016,253702.22300,274426.08030,-8.16857537000
27/7/2014,266305.92590,277238.01040,-4.10508495600
27/7/2015,86842.86136,90242.79410,-3.91503997800
27/7/2016,67780.72889,58196.14599,14.14057219100
27/8/2014,274712.25330,304334.78460,-10.78311249100
27/8/2015,228731.86550,252845.44560,-10.54229153700
27/8/2016,355069.54010,376755.56450,-6.10754287600
27/9/2014,617019.09150,661010.59130,-7.12968211300
27/9/2015,163289.93670,185404.04400,-13.54284761600
27/9/2016,58941.79283,52812.78251,10.39841176500
28/1/2014,50415.90376,49769.09824,1.28293945300
28/1/2015,59897.71588,61194.18026,-2.16446380500
28/1/2016,195767.97360,210639.84820,-7.59668413900
28/10/2014,89527.55663,87067.05132,2.74832174900
28/10/2015,159299.98910,174699.07670,-9.66672231900
28/10/2016,102606.32700,92657.69953,9.69592008700
28/11/2014,46818.20532,40652.57641,13.16929785700
28/11/2015,434639.65900,498895.61860,-14.78373136700
28/12/2014,69051.33709,70482.71780,-2.07292251000
28/12/2015,133021.27280,123500.78780,7.15711464800
28/2/2014,661876.50000,686656.79100,-3.74394483000
28/2/2015,350898.76350,375030.63550,-6.87716074000
28/2/2016,134995.85450,129938.70580,3.74615110900
28/3/2014,276174.76930,271550.89560,1.67425638200
28/3/2015,459484.66660,501362.57250,-9.11410302500
28/3/2016,85605.33192,85022.38092,0.68097510600
28/4/2014,124175.80840,122516.06570,1.33660712300
28/4/2015,190560.57920,200804.03680,-5.37543370400
28/4/2016,257324.60310,276852.17990,-7.58869403300
28/5/2014,243720.86800,252929.29470,-3.77826764500
28/5/2015,217746.01290,234483.41700,-7.68666386900
28/5/2016,397480.36950,421674.10190,-6.08677415500
28/6/2014,146169.07660,141012.32940,3.52793307600
28/6/2015,185648.49110,197095.10870,-6.16574771600
28/6/2016,200616.07620,217104.57970,-8.21893430100
28/7/2014,292634.74570,304508.37900,-4.05749265100
28/7/2015,56976.78528,59094.07686,-3.71606009300
28/7/2016,51907.94315,44544.63074,14.18532880200
28/8/2014,258066.16940,287168.56610,-11.27710647500
28/8/2015,387639.12000,426783.30220,-10.09809902600
28/8/2016,153893.68520,163401.32920,-6.17805986500
28/9/2014,283850.59710,304440.65150,-7.25383515500
28/9/2015,190892.45900,216571.05950,-13.45186742000
28/9/2016,58796.78502,57168.56050,2.76924073200
29/1/2014,67458.30189,66529.44200,1.37693933000
29/1/2015,57310.19404,58531.41099,-2.13088957500
29/1/2016,397984.32930,437198.92960,-9.85330260800
29/10/2014,81991.88284,80112.54801,2.29209863800
29/10/2015,119047.40990,124349.26550,-4.45356652800
29/10/2016,124988.15550,113187.84600,9.44114220500
29/11/2014,88321.62555,79880.24368,9.55754812900
29/11/2015,238637.81640,274093.57800,-14.85756203100
29/12/2014,133307.36900,136003.48250,-2.02247896700
29/12/2015,161267.52060,175378.14590,-8.74982466900
29/2/2016,163079.37800,160332.58940,1.68432614500
29/3/2014,357369.26690,352250.83010,1.43225433000
29/3/2015,224102.88850,244359.80750,-9.03911553100
29/3/2016,84836.41434,84595.21793,0.28430764300
29/4/2014,131842.57160,130405.26390,1.09016964900
29/4/2015,198985.39960,209483.87580,-5.27600327500
29/4/2016,455554.33600,489215.06750,-7.38896084200
29/5/2014,207429.42900,215118.84650,-3.70700413000
29/5/2015,472160.75210,508265.14700,-7.64663194500
29/5/2016,204028.17680,216777.31570,-6.24871481000
29/6/2014,62073.58541,60083.86984,3.20541427900
29/6/2015,165557.76180,175871.11090,-6.22945670900
29/6/2016,211700.81320,229023.81070,-8.18277324400
29/7/2014,212360.99310,221017.07310,-4.07611580300
29/7/2015,53433.66803,55516.52556,-3.89802461000
29/7/2016,93508.63389,80346.69413,14.07564116000
29/8/2014,594007.21320,660937.80480,-11.26763953600
29/8/2015,461188.00490,504578.18880,-9.40835048600
29/8/2016,159625.74090,169479.10610,-6.17279214800
29/9/2014,264317.11040,283912.96870,-7.41376836000
29/9/2015,143082.13330,162929.01850,-13.87097378400
29/9/2016,57019.38967,55187.38391,3.21295224400
3/1/2014,326906.07420,333806.29190,-2.11076460300
3/1/2015,245813.28830,267734.72530,-8.91792187100
3/1/2016,164527.53890,179308.94950,-8.98415590400
3/10/2014,518693.52870,557939.36930,-7.56628691700
3/10/2015,451100.06010,515549.38990,-14.28714724300
3/10/2016,142758.88110,126506.34470,11.38460618000
3/11/2014,205368.92260,201281.23900,1.99041001300
3/11/2015,192001.03460,201125.77550,-4.75244361000
3/11/2016,97039.00987,89413.41597,7.85827669700
3/12/2014,71590.36929,69654.93031,2.70349070600
3/12/2015,201048.83050,219110.39320,-8.98366961700
3/2/2014,143192.53340,140505.63470,1.87642374700
3/2/2015,102072.44340,103634.96420,-1.53079592100
3/2/2016,264159.30060,280392.27360,-6.14514535900
3/3/2014,538827.20210,557567.13700,-3.47791181000
3/3/2015,249380.56540,268761.83240,-7.77176319600
3/3/2016,129719.05050,131961.93250,-1.72903054100
3/4/2014,136001.97820,134523.06860,1.08741771200
3/4/2015,510289.21560,554159.81940,-8.59720379300
3/4/2016,90716.54789,95543.13365,-5.32051304000
3/5/2014,131436.79240,127601.94470,2.91763640100
3/5/2015,259541.60870,273280.04640,-5.29334690100
3/5/2016,297500.67400,319786.35950,-7.49096975200
3/6/2014,328217.77000,340913.59170,-3.86810918300
3/6/2015,269835.82860,290492.10630,-7.65512786300
3/6/2016,373959.36200,396324.17870,-5.98054734600
3/7/2014,93450.53368,90927.08966,2.70029920700
3/7/2015,268410.48070,284592.99470,-6.02901718200
3/7/2016,242185.18070,261534.91200,-7.98964298500
3/8/2014,307272.68370,319500.00950,-3.97930777700
3/8/2015,81142.02785,83114.57681,-2.43098307000
3/8/2016,48442.17148,41610.78394,14.10214970000
3/9/2014,464067.79930,517180.54330,-11.44503972900
3/9/2015,271551.09510,293343.87400,-8.02529589900
3/9/2016,369091.05540,391842.50140,-6.16418243300
30/1/2014,64640.36931,63757.83987,1.36529145700
30/1/2015,134540.21450,137221.53750,-1.99295282100
30/1/2016,512603.10350,561872.20600,-9.61154978600
30/10/2014,69704.49111,68293.09639,2.02482608700
30/10/2015,285081.97430,297627.69070,-4.40073997300
30/10/2016,67521.03749,61233.71887,9.31164397600
30/11/2014,101037.82780,93177.88470,7.77920831400
30/11/2015,260653.66700,283981.15070,-8.94960886900
30/12/2013,223937.96790,230079.62100,-2.74256891700
30/12/2014,216389.50430,235723.76480,-8.93493451200
30/12/2015,208583.21800,227060.26270,-8.85835633200
30/3/2014,163865.49030,160525.42690,2.03829579600
30/3/2015,215203.55880,234819.44740,-9.11503913300
30/3/2016,64308.91422,68427.59467,-6.40452494000
30/4/2014,154850.05730,150644.34820,2.71598808100
30/4/2015,385482.87200,406252.00760,-5.38782319700
30/4/2016,556865.20330,598925.66790,-7.55307825900
30/5/2014,503149.43130,521651.08610,-3.67716897800
30/5/2015,546135.46240,588250.18120,-7.71140526500
30/5/2016,172797.93510,183715.80720,-6.31828852200
30/6/2014,93619.84699,90294.37609,3.55210033700
30/6/2015,212465.08320,225678.93450,-6.21930488600
30/6/2016,282757.71140,305894.18010,-8.18243597500
30/7/2014,198019.33210,205903.82490,-3.98167831200
30/7/2015,55134.08182,57064.75070,-3.50177025900
30/7/2016,95343.59551,81874.28886,14.12712262200
30/8/2014,717096.71280,797788.89200,-11.25262154500
30/8/2015,202249.67720,220152.18680,-8.85168760100
30/8/2016,133961.96700,142299.91780,-6.22411792400
30/9/2014,358024.98130,384823.43990,-7.48508065100
30/9/2015,323548.78530,368434.88590,-13.87305489600
30/9/2016,155918.38260,151036.44550,3.13108500700
31/1/2014,137693.87350,135609.50760,1.51376807600
31/1/2015,200193.61200,203814.73640,-1.80881116200
31/1/2016,218104.06690,238662.19210,-9.42583304000
31/10/2014,166652.39480,163319.71650,1.99977822300
31/10/2015,391656.21260,429832.83480,-9.74748286200
31/10/2016,70020.59601,62316.15134,11.00311209700
31/12/2013,300345.48460,306986.12050,-2.21099908000
31/12/2014,365055.31200,398013.34830,-9.02823085100
31/12/2015,325457.52500,353929.73840,-8.74836536700
31/3/2014,190719.61450,187072.59520,1.91224133400
31/3/2015,355534.91200,386988.91470,-8.84695191300
31/3/2016,131168.48550,138589.10010,-5.65731514800
31/5/2014,603748.78950,626259.38680,-3.72847079600
31/5/2015,264637.36530,284828.65970,-7.62979724200
31/5/2016,258970.65410,274386.01540,-5.95255140100
31/7/2014,295508.32730,307222.39540,-3.96403993300
31/7/2015,145033.61080,149876.87330,-3.33940696500
31/7/2016,59514.99233,51145.40334,14.06299263800
31/8/2014,358170.99630,398562.60740,-11.27718646000
31/8/2015,332559.76500,361970.28590,-8.84367984200
31/8/2016,236305.15640,250572.45340,-6.03765792400
4/1/2014,307043.93540,313652.34830,-2.15226947600
4/1/2015,178394.81200,194427.44800,-8.98716494100
4/1/2016,274990.14650,299576.24140,-8.94071850000
4/10/2014,656245.82840,705891.30030,-7.56507237900
4/10/2015,202902.62490,232360.32720,-14.51814746800
4/10/2016,96620.98693,85491.83324,11.51836060000
4/11/2014,99244.68185,90949.44225,8.35837190000
4/11/2015,201367.78700,220579.99560,-9.54085501300
4/11/2016,168349.26530,156675.59010,6.93420026500
4/12/2014,54996.62169,54503.02855,0.89749720000
4/12/2015,317690.76090,345449.52990,-8.73766958800
4/2/2014,130126.64990,128496.28770,1.25290415200
4/2/2015,82514.10512,83232.39137,-0.87050116900
4/2/2016,197778.13370,209372.29220,-5.86220442200
4/3/2014,310346.12130,323325.02990,-4.18207533800
4/3/2015,258211.44420,278825.60670,-7.98344262500
4/3/2016,142127.64210,144039.41370,-1.34510892600
4/4/2014,190559.88750,187742.30000,1.47858373400
4/4/2015,400302.03950,434872.72890,-8.63615120300
4/4/2016,131638.01960,130700.18890,0.71243148700
4/5/2014,93082.04396,91601.50654,1.59057252800
4/5/2015,320309.27440,336742.60240,-5.13045650400
4/5/2016,285968.48780,305506.99820,-6.83239980400
4/6/2014,286405.99880,296902.67250,-3.66496293500
4/6/2015,201146.48930,216428.50040,-7.59745355400
4/6/2016,402057.25290,426466.13220,-6.07099589000
4/7/2014,98087.55590,95423.27399,2.71622825700
4/7/2015,316365.49870,335025.07640,-5.89810765600
4/7/2016,281531.68560,304052.47700,-7.99938072800
4/8/2014,362106.53260,376645.75090,-4.01517702400
4/8/2015,77672.88278,80417.74644,-3.53387638200
4/8/2016,46291.37192,39783.36067,14.05879968600
4/9/2014,312311.95400,348177.12050,-11.48376360300
4/9/2015,340440.20550,366359.65860,-7.61351117800
4/9/2016,209026.01970,222163.72890,-6.28520277900
5/1/2014,179188.88450,183083.28500,-2.17334937400
5/1/2015,220443.63150,239988.02750,-8.86593813900
5/1/2016,215737.84280,234642.08570,-8.76259939100
5/10/2014,280055.11770,301279.65500,-7.57870003400
5/10/2015,294557.64640,336897.92240,-14.37419008400
5/10/2016,78861.59494,69675.42915,11.64846564000
5/11/2014,72756.86310,67872.77433,6.71289080100
5/11/2015,111874.55900,116637.03430,-4.25697794300
5/11/2016,202017.42200,189394.69370,6.24833649200
5/12/2014,77884.18161,77619.29489,0.34010336200
5/12/2015,378527.87260,410385.03700,-8.41606832800
5/2/2014,187155.86850,195078.60330,-4.23322809100
5/2/2015,46211.33246,46407.29912,-0.42406624000
5/2/2016,325749.00890,345287.81150,-5.99811574700
5/3/2014,256390.52220,267308.50710,-4.25834184800
5/3/2015,145975.83390,157578.00590,-7.94800871500
5/3/2016,152124.40790,153377.51200,-0.82373638600
5/4/2014,217110.50250,213540.73420,1.64421723400
5/4/2015,135578.20340,147335.92510,-8.67228020800
5/4/2016,81910.87262,79969.51055,2.37009081700
5/5/2014,110887.01330,109460.15320,1.28676935000
5/5/2015,239922.99820,251700.96640,-4.90906177700
5/5/2016,237946.63270,254527.41550,-6.96827797600
5/6/2014,184989.88870,192824.89010,-4.23536737900
5/6/2015,293461.08390,315937.86220,-7.65920237200
5/6/2016,205719.45320,218408.18210,-6.16797716600
5/7/2014,117562.26290,114395.62760,2.69358144500
5/7/2015,156873.04370,165968.62450,-5.79805209700
5/7/2016,219363.22010,237026.35050,-8.05200178600
5/8/2014,262349.59100,272809.29040,-3.98693184900
5/8/2015,75483.42255,78024.28468,-3.36611940000
5/8/2016,73453.14329,63386.49259,13.70486033600
5/9/2014,501279.00040,558766.69030,-11.46820230900
5/9/2015,364416.73160,392128.30130,-7.60436261500
5/9/2016,228177.31680,242589.58720,-6.31625904000
6/1/2014,306351.95090,313446.06810,-2.31567554200
6/1/2015,181534.18870,197328.94390,-8.70070553300
6/1/2016,98646.98270,91610.56000,7.13293251100
6/10/2014,375648.01750,404178.92110,-7.59511624500
6/10/2015,221618.32820,253291.06230,-14.29156801100
6/10/2016,70279.47439,61976.30579,11.81450014000
6/11/2014,86867.45808,84486.08609,2.74138560400
6/11/2015,214540.33310,223738.43270,-4.28735215800
6/11/2016,108459.00010,102250.16780,5.72458928700
6/12/2014,150370.11670,154998.83460,-3.07821660400
6/12/2015,195425.39110,210461.38620,-7.69398235100
6/2/2014,102314.70960,101977.99000,0.32910184800
6/2/2015,85730.41481,85765.70934,-0.04116920500
6/2/2016,371561.97640,393884.43300,-6.00773438000
6/3/2014,167803.65980,168135.69000,-0.19786827100
6/3/2015,269239.85260,291365.01760,-8.21764118000
6/3/2016,74132.78702,74332.27948,-0.26910152400
6/4/2014,119190.10000,116856.31460,1.95803628000
6/4/2015,182466.25520,198405.22910,-8.73529951200
6/4/2016,54821.90851,50800.00851,7.33630059500
6/5/2014,119385.57540,115693.10660,3.09289358300
6/5/2015,224994.19510,242259.85950,-7.67382660400
6/5/2016,340851.50590,364361.03290,-6.89729298300
6/6/2014,288118.30440,300213.55940,-4.19801686200
6/6/2015,349413.00980,376094.72180,-7.63615299100
6/6/2016,177626.95010,188629.75420,-6.19433261300
6/7/2014,70153.08097,68252.24221,2.70955848800
6/7/2015,173987.75150,184188.97900,-5.86318715700
6/7/2016,204005.58220,219722.89500,-7.70435427800
6/8/2014,80697.90350,77649.63653,3.77738062300
6/8/2015,74354.57010,76978.30524,-3.52868039800
6/8/2016,71508.89795,61500.57465,13.99591321800
6/9/2014,552703.90380,616169.85140,-11.48281153100
6/9/2015,164719.60450,176647.84270,-7.24154130700
6/9/2016,154494.78200,164108.82640,-6.22289262800
7/1/2014,224020.41000,229533.97370,-2.46118811200
7/1/2015,83176.48139,84728.83120,-1.86633262700
7/1/2016,74401.21529,68988.86126,7.27455056900
7/10/2014,78111.71646,74251.87473,4.94143760400
7/10/2015,63968.38248,61942.84268,3.16647024900
7/10/2016,87748.86289,77446.60944,11.74061191300
7/11/2014,140167.80390,136539.20330,2.58875469200
7/11/2015,280264.24450,306935.16040,-9.51634624200
7/11/2016,112536.37710,105978.48250,5.82735535700
7/12/2014,104675.37610,111903.73790,-6.90550353800
7/12/2015,90441.60337,83999.59125,7.12284156800
7/2/2014,301553.84260,313529.18770,-3.97121290100
7/2/2015,105918.29330,105662.55620,0.24144752700
7/2/2016,174581.67680,185040.81730,-5.99097264500
7/3/2014,465318.02150,483774.59670,-3.96644323800
7/3/2015,306920.21160,332242.41160,-8.25041787500
7/3/2016,91143.02861,95167.52873,-4.41558743600
7/4/2014,131910.19750,130784.44470,0.85342363300
7/4/2015,176814.20260,178390.14910,-0.89130085500
7/4/2016,155615.41940,171592.12590,-10.26678883200
7/5/2014,91719.58938,93157.17058,-1.56736549900
7/5/2015,117197.97170,115769.08630,1.21920659500
7/5/2016,388187.60140,414644.62350,-6.81552476300
7/6/2014,391930.87800,407438.91960,-3.95683077600
7/6/2015,179602.91520,193348.59140,-7.65337031700
7/6/2016,70441.90741,60910.74840,13.53052374700
7/7/2014,68918.41529,66990.88135,2.79683439000
7/7/2015,135753.76600,143799.59870,-5.92678416000
7/7/2016,69579.06846,59598.91780,14.34361063000
7/8/2014,103272.62270,99367.23322,3.78163096700
7/8/2015,120326.87630,123707.76160,-2.80975074200
7/8/2016,30066.12618,25872.48835,13.94804839500
7/9/2014,234153.76220,261088.38640,-11.50296452500
7/9/2015,178921.09930,192507.52870,-7.59353114500
7/9/2016,50736.47417,43830.19685,13.61205608600
8/1/2014,101836.40220,99381.96752,2.41017418800
8/1/2015,76894.77935,78468.09550,-2.04606367700
8/1/2016,106592.34300,99021.68292,7.10244269600
8/10/2014,70509.13279,67141.97963,4.77548514200
8/10/2015,59609.54471,57736.47666,3.14222841200
8/10/2016,92053.32577,81209.24835,11.78021253400
8/11/2014,160727.30280,156700.82500,2.50516105800
8/11/2015,134136.72870,140236.30330,-4.54728146400
8/11/2016,100479.93000,94692.47929,5.75980766500
8/12/2014,90121.53048,91081.66819,-1.06538105300
8/12/2015,117649.00060,121640.37980,-3.39261632500
8/2/2014,316073.17750,329754.77950,-4.32861848900
8/2/2015,73041.66087,73046.23390,-0.00626085200
8/2/2016,208489.36940,221372.83690,-6.17943616800
8/3/2014,520146.74960,541498.95820,-4.10503547600
8/3/2015,122106.79560,121394.81220,0.58308253600
8/3/2016,60528.09336,62342.88117,-2.99825702300
8/4/2014,118921.30770,115305.80520,3.04024785000
8/4/2015,100917.67160,100579.12890,0.33546424000
8/4/2016,264086.89380,291378.57980,-10.33435836500
8/5/2014,96335.44895,93696.21614,2.73962787200
8/5/2015,330589.19980,355565.04170,-7.55494792800
8/5/2016,139178.98410,148731.09050,-6.86318158000
8/6/2014,193772.58110,201254.71250,-3.86129521400
8/6/2015,109810.54570,106166.08160,3.31886530300
8/6/2016,162923.84960,173292.68110,-6.36421955700
8/7/2014,108417.40280,105373.30000,2.80776215000
8/7/2015,84426.50941,84588.96304,-0.19242016700
8/7/2016,87184.74003,74654.52042,14.37203300200
8/8/2014,439421.42210,456509.62190,-3.88879534300
8/8/2015,131867.99350,135721.42600,-2.92218937900
8/8/2016,37726.61590,32490.13602,13.88006783800
8/9/2014,244481.49770,272633.39980,-11.51494177100
8/9/2015,70286.99781,66639.69805,5.18915286400
8/9/2016,43292.14924,37391.68089,13.62941885200
9/1/2014,107804.30490,104816.45850,2.77154646400
9/1/2015,123859.38800,126444.14250,-2.08684585100
9/1/2016,134629.65820,124963.46550,7.17983899600
9/10/2014,103281.31100,98065.93908,5.04967633500
9/10/2015,126588.25300,122622.36310,3.13290515200
9/10/2016,51751.38325,45607.23410,11.87243463700
9/11/2014,74115.62878,71994.34639,2.86212560700
9/11/2015,94243.46553,89949.30417,4.55645527900
9/11/2016,81649.68867,77081.66057,5.59466689300
9/12/2014,75425.44370,77014.25596,-2.10646723700
9/12/2015,141285.39550,145443.04660,-2.94273239300
9/2/2014,135178.04260,141530.70870,-4.69948075700
9/2/2015,97908.54710,97097.93659,0.82792619600
9/2/2016,84495.16667,74682.26682,11.61356351700
9/3/2014,224699.25280,233589.98300,-3.95672441700
9/3/2015,117661.28080,116861.15830,0.68002191900
9/3/2016,38340.59961,35918.33515,6.31775320300
9/4/2014,124828.28280,121264.70310,2.85478548600
9/4/2015,74690.67273,74427.58597,0.35223509200
9/4/2016,272761.29750,298164.41610,-9.31331491400
9/5/2014,303226.29840,325836.94010,-7.45668888900
9/5/2015,389972.11980,419827.13650,-7.65567977400
9/5/2016,66400.30305,57741.73891,13.03994672100
9/6/2014,214177.98340,220255.21920,-2.83746989500
9/6/2015,76956.92035,74212.79057,3.56579988800
9/6/2016,138752.52760,143791.47810,-3.63160987900
9/7/2014,81802.60821,79496.49424,2.81912034400
9/7/2015,70815.19029,71913.06858,-1.55034292100
9/7/2016,78700.43605,67367.38324,14.40024144600
9/8/2014,408616.35060,424340.94940,-3.84825491600
9/8/2015,75504.00274,77978.69447,-3.27756362600
9/8/2016,30831.69463,26577.07945,13.79948533800
9/9/2014,122749.63530,120070.95020,2.18223467100
9/9/2015,76013.67790,72211.10317,5.00248749300
9/9/2016,77335.91860,69612.12670,9.98732806200
